ID_Empleado,Fecha,Hora_Inicio,Hora_Fin,Producci√≥n_Total,Jornada
E001,2025-06-03,1900-01-01 16:21:36,1900-01-01 00:21:36,121,-16.0
E001,2025-05-25,1900-01-01 16:13:49,1900-01-01 00:13:49,124,-16.0
E001,2025-06-04,1900-01-01 19:05:07,1900-01-01 03:05:07,137,-16.0
E002,2025-05-08,1900-01-01 22:08:06,1900-01-01 04:08:06,82,-18.0
E003,2025-05-27,1900-01-01 20:02:17,1900-01-01 05:02:17,107,-15.0
E003,2025-05-11,1900-01-01 18:17:55,1900-01-01 01:17:55,138,-17.0
E003,2025-05-25,1900-01-01 22:51:24,1900-01-01 04:51:24,140,-18.0
E003,2025-05-31,1900-01-01 19:00:15,1900-01-01 02:00:15,100,-17.0
E003,2025-05-17,1900-01-01 16:30:14,1900-01-01 01:30:14,104,-15.0
E004,2025-05-10,1900-01-01 17:21:06,1900-01-01 01:21:06,70,-16.0
E004,2025-05-11,1900-01-01 18:08:34,1900-01-01 01:08:34,53,-17.0
E004,2025-05-09,1900-01-01 21:21:52,1900-01-01 03:21:52,109,-18.0
E004,2025-05-11,1900-01-01 23:29:31,1900-01-01 06:29:31,133,-17.0
E005,2025-06-02,1900-01-01 21:58:28,1900-01-01 05:58:28,93,-16.0
E005,2025-05-13,1900-01-01 22:35:47,1900-01-01 04:35:47,57,-18.0
E005,2025-05-10,1900-01-01 22:47:50,1900-01-01 05:47:50,130,-17.0
E006,2025-05-28,1900-01-01 22:23:21,1900-01-01 07:23:21,53,-15.0
E006,2025-05-19,1900-01-01 21:16:58,1900-01-01 04:16:58,55,-17.0
E006,2025-05-15,1900-01-01 18:57:04,1900-01-01 01:57:04,53,-17.0
E006,2025-05-25,1900-01-01 21:23:12,1900-01-01 04:23:12,93,-17.0
E007,2025-05-24,1900-01-01 21:36:21,1900-01-01 06:36:21,127,-15.0
E007,2025-06-05,1900-01-01 17:26:46,1900-01-01 02:26:46,134,-15.0
E008,2025-05-24,1900-01-01 23:55:49,1900-01-01 08:55:49,131,-15.0
E008,2025-05-10,1900-01-01 23:09:50,1900-01-01 05:09:50,137,-18.0
E009,2025-05-19,1900-01-01 16:11:14,1900-01-01 01:11:14,84,-15.0
E009,2025-05-09,1900-01-01 22:37:01,1900-01-01 06:37:01,82,-16.0
E010,2025-05-23,1900-01-01 19:27:08,1900-01-01 04:27:08,56,-15.0
E010,2025-05-15,1900-01-01 21:30:42,1900-01-01 04:30:42,137,-17.0
E011,2025-05-24,1900-01-01 15:16:24,1900-01-01 00:16:24,135,-15.0
E013,2025-05-08,1900-01-01 21:32:58,1900-01-01 03:32:58,72,-18.0
E013,2025-05-13,1900-01-01 21:14:17,1900-01-01 05:14:17,78,-16.0
E014,2025-05-15,1900-01-01 17:34:15,1900-01-01 02:34:15,115,-15.0
E014,2025-05-31,1900-01-01 19:37:49,1900-01-01 02:37:49,106,-17.0
E015,2025-05-28,1900-01-01 16:30:00,1900-01-01 01:30:00,77,-15.0
E015,2025-05-12,1900-01-01 20:09:07,1900-01-01 03:09:07,124,-17.0
E015,2025-05-23,1900-01-01 21:59:58,1900-01-01 06:59:58,141,-15.0
E015,2025-06-03,1900-01-01 19:32:23,1900-01-01 01:32:23,50,-18.0
E016,2025-06-04,1900-01-01 17:58:57,1900-01-01 01:58:57,119,-16.0
E016,2025-05-17,1900-01-01 18:31:09,1900-01-01 03:31:09,76,-15.0
E016,2025-05-21,1900-01-01 19:33:03,1900-01-01 01:33:03,146,-18.0
E017,2025-05-18,1900-01-01 22:42:46,1900-01-01 07:42:46,128,-15.0
E017,2025-05-23,1900-01-01 19:49:26,1900-01-01 03:49:26,81,-16.0
E019,2025-05-16,1900-01-01 20:09:21,1900-01-01 03:09:21,136,-17.0
E019,2025-05-24,1900-01-01 23:20:04,1900-01-01 05:20:04,145,-18.0
E019,2025-06-01,1900-01-01 21:43:17,1900-01-01 05:43:17,51,-16.0
E019,2025-05-26,1900-01-01 21:44:55,1900-01-01 03:44:55,93,-18.0
E020,2025-05-22,1900-01-01 16:05:31,1900-01-01 00:05:31,124,-16.0
E021,2025-05-19,1900-01-01 17:05:14,1900-01-01 02:05:14,147,-15.0
E021,2025-05-24,1900-01-01 23:47:57,1900-01-01 07:47:57,65,-16.0
E021,2025-05-09,1900-01-01 22:33:40,1900-01-01 05:33:40,129,-17.0
E021,2025-05-15,1900-01-01 23:42:02,1900-01-01 05:42:02,52,-18.0
E022,2025-05-26,1900-01-01 18:19:58,1900-01-01 01:19:58,116,-17.0
E022,2025-05-26,1900-01-01 19:43:42,1900-01-01 04:43:42,145,-15.0
E023,2025-06-01,1900-01-01 18:12:22,1900-01-01 00:12:22,138,-18.0
E024,2025-05-23,1900-01-01 16:46:23,1900-01-01 01:46:23,58,-15.0
E025,2025-05-24,1900-01-01 21:02:23,1900-01-01 04:02:23,82,-17.0
E025,2025-05-13,1900-01-01 19:30:26,1900-01-01 01:30:26,121,-18.0
E025,2025-05-11,1900-01-01 17:09:50,1900-01-01 02:09:50,87,-15.0
E026,2025-05-24,1900-01-01 16:34:34,1900-01-01 01:34:34,138,-15.0
E027,2025-05-17,1900-01-01 19:20:37,1900-01-01 01:20:37,90,-18.0
E027,2025-05-13,1900-01-01 15:09:46,1900-01-01 00:09:46,82,-15.0
E027,2025-06-01,1900-01-01 21:52:32,1900-01-01 06:52:32,69,-15.0
E028,2025-05-26,1900-01-01 19:00:18,1900-01-01 02:00:18,79,-17.0
E029,2025-05-18,1900-01-01 20:51:29,1900-01-01 04:51:29,76,-16.0
E029,2025-05-16,1900-01-01 22:05:59,1900-01-01 05:05:59,70,-17.0
E029,2025-05-11,1900-01-01 21:57:56,1900-01-01 06:57:56,110,-15.0
E029,2025-05-14,1900-01-01 19:15:58,1900-01-01 04:15:58,84,-15.0
E031,2025-05-12,1900-01-01 18:03:47,1900-01-01 00:03:47,134,-18.0
E031,2025-05-27,1900-01-01 22:48:50,1900-01-01 07:48:50,136,-15.0
E032,2025-05-24,1900-01-01 16:38:07,1900-01-01 00:38:07,115,-16.0
E032,2025-06-04,1900-01-01 17:38:10,1900-01-01 00:38:10,66,-17.0
E032,2025-05-16,1900-01-01 16:59:20,1900-01-01 01:59:20,82,-15.0
E032,2025-05-28,1900-01-01 22:48:16,1900-01-01 04:48:16,92,-18.0
E032,2025-05-27,1900-01-01 22:19:06,1900-01-01 05:19:06,97,-17.0
E033,2025-05-20,1900-01-01 18:15:29,1900-01-01 02:15:29,142,-16.0
E033,2025-05-27,1900-01-01 22:48:21,1900-01-01 04:48:21,73,-18.0
E033,2025-05-09,1900-01-01 23:37:36,1900-01-01 05:37:36,109,-18.0
E033,2025-05-27,1900-01-01 17:12:16,1900-01-01 00:12:16,56,-17.0
E033,2025-05-28,1900-01-01 20:23:03,1900-01-01 02:23:03,85,-18.0
E034,2025-06-01,1900-01-01 18:54:47,1900-01-01 03:54:47,65,-15.0
E034,2025-05-28,1900-01-01 19:09:06,1900-01-01 03:09:06,141,-16.0
E035,2025-05-15,1900-01-01 22:35:25,1900-01-01 05:35:25,71,-17.0
E037,2025-05-24,1900-01-01 15:16:21,1900-01-01 00:16:21,54,-15.0
E037,2025-05-23,1900-01-01 20:07:10,1900-01-01 04:07:10,117,-16.0
E038,2025-05-20,1900-01-01 21:03:51,1900-01-01 05:03:51,66,-16.0
E038,2025-05-18,1900-01-01 21:36:31,1900-01-01 04:36:31,104,-17.0
E038,2025-05-24,1900-01-01 21:23:06,1900-01-01 04:23:06,139,-17.0
E039,2025-05-11,1900-01-01 16:19:04,1900-01-01 00:19:04,83,-16.0
E039,2025-05-23,1900-01-01 23:20:35,1900-01-01 08:20:35,110,-15.0
E040,2025-05-18,1900-01-01 21:14:38,1900-01-01 05:14:38,118,-16.0
E040,2025-05-09,1900-01-01 15:32:25,1900-01-01 00:32:25,75,-15.0
E040,2025-05-31,1900-01-01 19:39:00,1900-01-01 04:39:00,100,-15.0
E041,2025-05-27,1900-01-01 20:30:04,1900-01-01 02:30:04,96,-18.0
E041,2025-05-25,1900-01-01 20:38:14,1900-01-01 02:38:14,143,-18.0
E043,2025-06-03,1900-01-01 17:39:39,1900-01-01 00:39:39,59,-17.0
E043,2025-05-18,1900-01-01 17:30:17,1900-01-01 02:30:17,83,-15.0
E043,2025-05-09,1900-01-01 20:41:32,1900-01-01 03:41:32,68,-17.0
E043,2025-05-13,1900-01-01 19:29:19,1900-01-01 01:29:19,53,-18.0
E044,2025-05-26,1900-01-01 19:09:40,1900-01-01 01:09:40,141,-18.0
E044,2025-06-04,1900-01-01 20:34:54,1900-01-01 05:34:54,81,-15.0
E044,2025-05-15,1900-01-01 16:19:03,1900-01-01 00:19:03,133,-16.0
E044,2025-05-17,1900-01-01 17:27:41,1900-01-01 02:27:41,61,-15.0
E044,2025-05-08,1900-01-01 16:23:26,1900-01-01 01:23:26,82,-15.0
E045,2025-05-30,1900-01-01 18:05:48,1900-01-01 00:05:48,61,-18.0
E045,2025-06-05,1900-01-01 19:36:23,1900-01-01 01:36:23,89,-18.0
E046,2025-06-01,1900-01-01 22:38:53,1900-01-01 06:38:53,130,-16.0
E046,2025-06-04,1900-01-01 17:29:59,1900-01-01 00:29:59,57,-17.0
E046,2025-05-17,1900-01-01 18:06:57,1900-01-01 00:06:57,75,-18.0
E046,2025-05-09,1900-01-01 19:53:36,1900-01-01 03:53:36,56,-16.0
E047,2025-05-28,1900-01-01 21:56:39,1900-01-01 06:56:39,113,-15.0
E047,2025-05-25,1900-01-01 22:53:52,1900-01-01 06:53:52,98,-16.0
E048,2025-05-11,1900-01-01 16:47:50,1900-01-01 01:47:50,72,-15.0
E048,2025-06-05,1900-01-01 18:09:51,1900-01-01 00:09:51,72,-18.0
E049,2025-05-29,1900-01-01 19:03:57,1900-01-01 01:03:57,111,-18.0
E049,2025-05-19,1900-01-01 17:54:17,1900-01-01 00:54:17,62,-17.0
E050,2025-05-18,1900-01-01 17:15:18,1900-01-01 01:15:18,77,-16.0
E050,2025-05-21,1900-01-01 20:31:11,1900-01-01 03:31:11,144,-17.0
E050,2025-05-30,1900-01-01 23:35:10,1900-01-01 08:35:10,101,-15.0
E050,2025-06-04,1900-01-01 20:25:53,1900-01-01 04:25:53,65,-16.0
E050,2025-05-13,1900-01-01 19:58:22,1900-01-01 03:58:22,61,-16.0
E050,2025-06-01,1900-01-01 16:55:21,1900-01-01 00:55:21,134,-16.0
E052,2025-05-14,1900-01-01 21:07:17,1900-01-01 05:07:17,54,-16.0
E052,2025-06-03,1900-01-01 21:23:16,1900-01-01 03:23:16,123,-18.0
E052,2025-05-24,1900-01-01 23:04:36,1900-01-01 06:04:36,62,-17.0
E053,2025-05-19,1900-01-01 21:13:03,1900-01-01 06:13:03,91,-15.0
E053,2025-05-08,1900-01-01 18:32:57,1900-01-01 02:32:57,115,-16.0
E053,2025-05-24,1900-01-01 23:14:20,1900-01-01 05:14:20,78,-18.0
E053,2025-05-16,1900-01-01 21:53:28,1900-01-01 05:53:28,57,-16.0
E053,2025-05-24,1900-01-01 17:03:47,1900-01-01 00:03:47,66,-17.0
E054,2025-05-13,1900-01-01 21:56:08,1900-01-01 05:56:08,110,-16.0
E055,2025-05-18,1900-01-01 20:56:25,1900-01-01 03:56:25,139,-17.0
E055,2025-05-28,1900-01-01 17:01:13,1900-01-01 00:01:13,141,-17.0
E055,2025-05-12,1900-01-01 21:36:07,1900-01-01 06:36:07,141,-15.0
E056,2025-05-18,1900-01-01 20:12:17,1900-01-01 03:12:17,112,-17.0
E057,2025-06-02,1900-01-01 17:43:57,1900-01-01 02:43:57,74,-15.0
E057,2025-05-22,1900-01-01 17:38:51,1900-01-01 02:38:51,82,-15.0
E057,2025-05-21,1900-01-01 18:08:51,1900-01-01 01:08:51,55,-17.0
E058,2025-05-15,1900-01-01 18:42:08,1900-01-01 03:42:08,106,-15.0
E058,2025-05-11,1900-01-01 18:49:05,1900-01-01 02:49:05,50,-16.0
E058,2025-05-12,1900-01-01 21:49:31,1900-01-01 03:49:31,103,-18.0
E058,2025-05-23,1900-01-01 21:19:03,1900-01-01 04:19:03,52,-17.0
E059,2025-05-09,1900-01-01 23:04:46,1900-01-01 05:04:46,124,-18.0
E059,2025-05-19,1900-01-01 18:13:54,1900-01-01 03:13:54,65,-15.0
E059,2025-05-11,1900-01-01 19:14:55,1900-01-01 04:14:55,125,-15.0
E059,2025-05-16,1900-01-01 23:45:24,1900-01-01 08:45:24,77,-15.0
E060,2025-05-15,1900-01-01 21:08:35,1900-01-01 03:08:35,57,-18.0
E060,2025-05-22,1900-01-01 18:32:29,1900-01-01 01:32:29,141,-17.0
E060,2025-05-22,1900-01-01 17:58:20,1900-01-01 02:58:20,99,-15.0
E060,2025-05-11,1900-01-01 20:11:13,1900-01-01 05:11:13,141,-15.0
E060,2025-05-11,1900-01-01 21:55:09,1900-01-01 03:55:09,90,-18.0
E061,2025-05-15,1900-01-01 20:20:01,1900-01-01 02:20:01,95,-18.0
E061,2025-05-17,1900-01-01 21:07:41,1900-01-01 05:07:41,55,-16.0
E061,2025-05-11,1900-01-01 19:32:21,1900-01-01 02:32:21,59,-17.0
E062,2025-05-29,1900-01-01 15:50:37,1900-01-01 00:50:37,79,-15.0
E062,2025-05-11,1900-01-01 22:25:19,1900-01-01 05:25:19,114,-17.0
E062,2025-05-27,1900-01-01 21:50:32,1900-01-01 05:50:32,98,-16.0
E062,2025-05-26,1900-01-01 23:59:06,1900-01-01 07:59:06,134,-16.0
E062,2025-05-22,1900-01-01 22:57:19,1900-01-01 06:57:19,76,-16.0
E063,2025-05-30,1900-01-01 23:27:22,1900-01-01 05:27:22,118,-18.0
E063,2025-05-23,1900-01-01 18:33:38,1900-01-01 00:33:38,72,-18.0
E065,2025-05-30,1900-01-01 20:33:23,1900-01-01 03:33:23,141,-17.0
E065,2025-06-02,1900-01-01 17:52:21,1900-01-01 00:52:21,54,-17.0
E066,2025-06-02,1900-01-01 18:00:48,1900-01-01 00:00:48,96,-18.0
E066,2025-06-02,1900-01-01 19:33:03,1900-01-01 03:33:03,128,-16.0
E066,2025-05-23,1900-01-01 18:01:58,1900-01-01 01:01:58,131,-17.0
E066,2025-06-03,1900-01-01 19:12:09,1900-01-01 02:12:09,128,-17.0
E067,2025-05-31,1900-01-01 20:41:50,1900-01-01 05:41:50,87,-15.0
E067,2025-05-27,1900-01-01 19:41:24,1900-01-01 03:41:24,79,-16.0
E068,2025-05-16,1900-01-01 23:28:16,1900-01-01 08:28:16,118,-15.0
E071,2025-05-19,1900-01-01 19:46:29,1900-01-01 02:46:29,110,-17.0
E071,2025-05-24,1900-01-01 22:29:35,1900-01-01 04:29:35,71,-18.0
E072,2025-05-13,1900-01-01 21:12:04,1900-01-01 04:12:04,98,-17.0
E072,2025-05-28,1900-01-01 21:08:44,1900-01-01 04:08:44,139,-17.0
E072,2025-05-27,1900-01-01 23:02:30,1900-01-01 05:02:30,96,-18.0
E072,2025-05-24,1900-01-01 21:25:02,1900-01-01 03:25:02,135,-18.0
E073,2025-05-23,1900-01-01 17:21:34,1900-01-01 00:21:34,112,-17.0
E073,2025-05-18,1900-01-01 21:55:11,1900-01-01 03:55:11,75,-18.0
E073,2025-05-12,1900-01-01 18:12:42,1900-01-01 03:12:42,50,-15.0
E073,2025-05-10,1900-01-01 18:59:40,1900-01-01 00:59:40,101,-18.0
E073,2025-06-05,1900-01-01 18:09:20,1900-01-01 02:09:20,96,-16.0
E073,2025-05-14,1900-01-01 18:26:34,1900-01-01 01:26:34,63,-17.0
E074,2025-05-27,1900-01-01 19:15:39,1900-01-01 04:15:39,51,-15.0
E074,2025-05-28,1900-01-01 21:08:05,1900-01-01 03:08:05,75,-18.0
E075,2025-05-15,1900-01-01 18:03:38,1900-01-01 01:03:38,87,-17.0
E075,2025-05-25,1900-01-01 20:49:33,1900-01-01 04:49:33,64,-16.0
E075,2025-05-18,1900-01-01 22:03:36,1900-01-01 07:03:36,138,-15.0
E075,2025-05-29,1900-01-01 17:58:32,1900-01-01 01:58:32,77,-16.0
E075,2025-05-08,1900-01-01 19:58:31,1900-01-01 02:58:31,88,-17.0
E076,2025-05-08,1900-01-01 22:58:48,1900-01-01 05:58:48,116,-17.0
E077,2025-05-26,1900-01-01 23:09:42,1900-01-01 07:09:42,135,-16.0
E077,2025-05-09,1900-01-01 21:00:58,1900-01-01 04:00:58,90,-17.0
E077,2025-05-16,1900-01-01 18:21:33,1900-01-01 03:21:33,75,-15.0
E077,2025-05-26,1900-01-01 17:15:28,1900-01-01 01:15:28,105,-16.0
E077,2025-05-11,1900-01-01 18:36:59,1900-01-01 02:36:59,119,-16.0
E078,2025-05-20,1900-01-01 23:08:09,1900-01-01 08:08:09,104,-15.0
E079,2025-05-23,1900-01-01 19:41:42,1900-01-01 01:41:42,52,-18.0
E079,2025-05-09,1900-01-01 17:49:10,1900-01-01 00:49:10,115,-17.0
E079,2025-06-02,1900-01-01 22:10:34,1900-01-01 06:10:34,53,-16.0
E079,2025-05-24,1900-01-01 21:35:24,1900-01-01 04:35:24,143,-17.0
E080,2025-05-14,1900-01-01 21:00:39,1900-01-01 05:00:39,57,-16.0
E081,2025-05-10,1900-01-01 20:18:01,1900-01-01 04:18:01,50,-16.0
E081,2025-06-05,1900-01-01 21:00:29,1900-01-01 04:00:29,63,-17.0
E081,2025-05-27,1900-01-01 22:23:03,1900-01-01 04:23:03,60,-18.0
E082,2025-06-04,1900-01-01 19:58:17,1900-01-01 02:58:17,62,-17.0
E082,2025-05-18,1900-01-01 17:51:59,1900-01-01 01:51:59,122,-16.0
E083,2025-05-10,1900-01-01 17:41:46,1900-01-01 01:41:46,84,-16.0
E083,2025-05-12,1900-01-01 20:44:51,1900-01-01 03:44:51,144,-17.0
E084,2025-05-17,1900-01-01 18:28:59,1900-01-01 02:28:59,50,-16.0
E085,2025-05-11,1900-01-01 17:46:22,1900-01-01 02:46:22,60,-15.0
E085,2025-05-15,1900-01-01 19:18:27,1900-01-01 01:18:27,91,-18.0
E086,2025-05-20,1900-01-01 23:21:51,1900-01-01 07:21:51,63,-16.0
E086,2025-06-04,1900-01-01 16:36:12,1900-01-01 00:36:12,64,-16.0
E087,2025-05-15,1900-01-01 22:53:38,1900-01-01 04:53:38,146,-18.0
E088,2025-06-01,1900-01-01 16:20:57,1900-01-01 00:20:57,76,-16.0
E089,2025-05-10,1900-01-01 23:28:14,1900-01-01 07:28:14,82,-16.0
E089,2025-05-11,1900-01-01 20:12:35,1900-01-01 03:12:35,117,-17.0
E090,2025-05-30,1900-01-01 23:24:36,1900-01-01 05:24:36,87,-18.0
E090,2025-06-01,1900-01-01 17:58:29,1900-01-01 01:58:29,149,-16.0
E090,2025-05-25,1900-01-01 21:18:09,1900-01-01 03:18:09,137,-18.0
E091,2025-05-19,1900-01-01 22:25:49,1900-01-01 04:25:49,69,-18.0
E092,2025-05-26,1900-01-01 19:35:16,1900-01-01 03:35:16,96,-16.0
E092,2025-05-08,1900-01-01 22:32:30,1900-01-01 05:32:30,95,-17.0
E092,2025-05-16,1900-01-01 22:14:52,1900-01-01 06:14:52,61,-16.0
E092,2025-05-31,1900-01-01 17:24:38,1900-01-01 00:24:38,62,-17.0
E092,2025-05-29,1900-01-01 23:56:19,1900-01-01 06:56:19,138,-17.0
E092,2025-05-11,1900-01-01 16:56:08,1900-01-01 00:56:08,125,-16.0
E093,2025-05-11,1900-01-01 20:35:10,1900-01-01 05:35:10,117,-15.0
E093,2025-06-03,1900-01-01 22:02:34,1900-01-01 05:02:34,60,-17.0
E094,2025-05-29,1900-01-01 21:23:22,1900-01-01 04:23:22,136,-17.0
E094,2025-06-03,1900-01-01 18:14:55,1900-01-01 00:14:55,50,-18.0
E094,2025-05-15,1900-01-01 21:32:01,1900-01-01 05:32:01,89,-16.0
E094,2025-05-14,1900-01-01 21:57:24,1900-01-01 05:57:24,122,-16.0
E094,2025-05-31,1900-01-01 20:16:33,1900-01-01 02:16:33,58,-18.0
E095,2025-05-18,1900-01-01 20:54:49,1900-01-01 03:54:49,124,-17.0
E095,2025-05-29,1900-01-01 17:19:37,1900-01-01 01:19:37,131,-16.0
E096,2025-05-29,1900-01-01 18:45:05,1900-01-01 02:45:05,83,-16.0
E096,2025-05-24,1900-01-01 19:59:31,1900-01-01 03:59:31,100,-16.0
E097,2025-05-16,1900-01-01 23:59:57,1900-01-01 05:59:57,120,-18.0
E097,2025-06-03,1900-01-01 20:21:47,1900-01-01 05:21:47,112,-15.0
E098,2025-05-30,1900-01-01 15:04:03,1900-01-01 00:04:03,62,-15.0
E099,2025-06-05,1900-01-01 19:38:44,1900-01-01 02:38:44,65,-17.0
E099,2025-05-22,1900-01-01 19:01:12,1900-01-01 04:01:12,68,-15.0
E099,2025-05-25,1900-01-01 17:58:54,1900-01-01 00:58:54,50,-17.0
E099,2025-05-30,1900-01-01 20:56:21,1900-01-01 03:56:21,96,-17.0
E099,2025-05-20,1900-01-01 22:48:29,1900-01-01 05:48:29,141,-17.0
E100,2025-05-09,1900-01-01 23:30:45,1900-01-01 06:30:45,83,-17.0
E101,2025-05-22,1900-01-01 18:58:16,1900-01-01 03:58:16,146,-15.0
E101,2025-05-10,1900-01-01 23:57:14,1900-01-01 06:57:14,56,-17.0
E102,2025-05-28,1900-01-01 22:53:33,1900-01-01 04:53:33,106,-18.0
E102,2025-05-23,1900-01-01 23:06:23,1900-01-01 07:06:23,116,-16.0
E102,2025-05-29,1900-01-01 18:17:54,1900-01-01 03:17:54,136,-15.0
E102,2025-05-19,1900-01-01 19:09:13,1900-01-01 03:09:13,121,-16.0
E102,2025-05-28,1900-01-01 18:51:22,1900-01-01 01:51:22,116,-17.0
E103,2025-06-03,1900-01-01 21:08:48,1900-01-01 06:08:48,95,-15.0
E103,2025-05-24,1900-01-01 20:08:54,1900-01-01 05:08:54,86,-15.0
E103,2025-05-26,1900-01-01 23:51:47,1900-01-01 06:51:47,134,-17.0
E104,2025-05-29,1900-01-01 19:06:57,1900-01-01 02:06:57,56,-17.0
E105,2025-05-18,1900-01-01 19:40:27,1900-01-01 04:40:27,60,-15.0
E105,2025-05-31,1900-01-01 22:24:33,1900-01-01 06:24:33,136,-16.0
E106,2025-05-19,1900-01-01 21:20:40,1900-01-01 05:20:40,61,-16.0
E106,2025-05-30,1900-01-01 22:47:52,1900-01-01 04:47:52,147,-18.0
E106,2025-05-15,1900-01-01 22:16:39,1900-01-01 06:16:39,135,-16.0
E106,2025-05-08,1900-01-01 16:39:50,1900-01-01 01:39:50,73,-15.0
E106,2025-05-29,1900-01-01 18:59:39,1900-01-01 00:59:39,123,-18.0
E107,2025-05-11,1900-01-01 19:32:34,1900-01-01 02:32:34,71,-17.0
E108,2025-05-31,1900-01-01 18:47:14,1900-01-01 00:47:14,147,-18.0
E108,2025-05-21,1900-01-01 21:28:57,1900-01-01 03:28:57,74,-18.0
E109,2025-05-16,1900-01-01 17:29:57,1900-01-01 00:29:57,125,-17.0
E109,2025-05-14,1900-01-01 18:31:11,1900-01-01 02:31:11,135,-16.0
E109,2025-05-26,1900-01-01 23:31:19,1900-01-01 08:31:19,147,-15.0
E110,2025-05-24,1900-01-01 21:02:07,1900-01-01 05:02:07,59,-16.0
E110,2025-06-01,1900-01-01 21:37:44,1900-01-01 04:37:44,95,-17.0
E110,2025-05-30,1900-01-01 21:32:25,1900-01-01 05:32:25,114,-16.0
E111,2025-05-30,1900-01-01 23:57:21,1900-01-01 05:57:21,70,-18.0
E111,2025-05-21,1900-01-01 16:18:30,1900-01-01 00:18:30,89,-16.0
E111,2025-05-10,1900-01-01 21:37:43,1900-01-01 05:37:43,148,-16.0
E112,2025-05-28,1900-01-01 18:53:43,1900-01-01 01:53:43,147,-17.0
E113,2025-05-28,1900-01-01 20:17:23,1900-01-01 02:17:23,75,-18.0
E113,2025-06-04,1900-01-01 17:53:00,1900-01-01 01:53:00,91,-16.0
E113,2025-05-22,1900-01-01 23:15:52,1900-01-01 07:15:52,52,-16.0
E113,2025-06-01,1900-01-01 17:24:09,1900-01-01 01:24:09,143,-16.0
E114,2025-05-15,1900-01-01 23:48:09,1900-01-01 06:48:09,147,-17.0
E114,2025-06-04,1900-01-01 23:31:33,1900-01-01 08:31:33,68,-15.0
E114,2025-05-15,1900-01-01 23:17:12,1900-01-01 07:17:12,98,-16.0
E114,2025-05-19,1900-01-01 20:58:29,1900-01-01 03:58:29,106,-17.0
E115,2025-05-27,1900-01-01 17:15:58,1900-01-01 01:15:58,96,-16.0
E115,2025-05-19,1900-01-01 19:24:48,1900-01-01 04:24:48,137,-15.0
E115,2025-05-26,1900-01-01 22:11:27,1900-01-01 04:11:27,129,-18.0
E115,2025-06-02,1900-01-01 20:40:43,1900-01-01 02:40:43,131,-18.0
E116,2025-05-12,1900-01-01 20:02:36,1900-01-01 04:02:36,81,-16.0
E116,2025-06-02,1900-01-01 21:08:49,1900-01-01 03:08:49,135,-18.0
E117,2025-05-10,1900-01-01 21:35:09,1900-01-01 03:35:09,56,-18.0
E117,2025-05-11,1900-01-01 21:33:17,1900-01-01 03:33:17,97,-18.0
E117,2025-05-20,1900-01-01 16:50:41,1900-01-01 00:50:41,67,-16.0
E117,2025-05-19,1900-01-01 21:22:20,1900-01-01 05:22:20,66,-16.0
E118,2025-05-27,1900-01-01 17:40:07,1900-01-01 02:40:07,148,-15.0
E118,2025-05-21,1900-01-01 19:13:21,1900-01-01 04:13:21,109,-15.0
E118,2025-05-08,1900-01-01 20:03:43,1900-01-01 04:03:43,86,-16.0
E119,2025-05-27,1900-01-01 22:34:53,1900-01-01 05:34:53,104,-17.0
E119,2025-05-15,1900-01-01 17:38:22,1900-01-01 01:38:22,88,-16.0
E119,2025-05-18,1900-01-01 18:59:39,1900-01-01 02:59:39,53,-16.0
E119,2025-05-15,1900-01-01 23:46:02,1900-01-01 06:46:02,82,-17.0
E119,2025-05-16,1900-01-01 19:43:29,1900-01-01 04:43:29,91,-15.0
E119,2025-05-18,1900-01-01 19:28:18,1900-01-01 04:28:18,115,-15.0
E119,2025-05-15,1900-01-01 18:25:39,1900-01-01 02:25:39,148,-16.0
E119,2025-06-05,1900-01-01 21:05:29,1900-01-01 04:05:29,83,-17.0
E120,2025-05-16,1900-01-01 20:24:46,1900-01-01 02:24:46,67,-18.0
E121,2025-05-20,1900-01-01 17:52:13,1900-01-01 02:52:13,105,-15.0
E122,2025-05-24,1900-01-01 23:15:26,1900-01-01 07:15:26,94,-16.0
E122,2025-06-02,1900-01-01 23:26:50,1900-01-01 08:26:50,114,-15.0
E122,2025-06-02,1900-01-01 21:01:50,1900-01-01 03:01:50,64,-18.0
E123,2025-05-26,1900-01-01 18:33:20,1900-01-01 02:33:20,86,-16.0
E123,2025-06-01,1900-01-01 18:51:22,1900-01-01 03:51:22,60,-15.0
E123,2025-05-16,1900-01-01 17:41:44,1900-01-01 00:41:44,126,-17.0
E124,2025-05-29,1900-01-01 18:13:35,1900-01-01 02:13:35,101,-16.0
E124,2025-05-24,1900-01-01 21:42:43,1900-01-01 06:42:43,69,-15.0
E124,2025-05-29,1900-01-01 19:36:15,1900-01-01 01:36:15,112,-18.0
E124,2025-05-30,1900-01-01 16:17:18,1900-01-01 00:17:18,147,-16.0
E124,2025-05-28,1900-01-01 23:10:02,1900-01-01 05:10:02,52,-18.0
E124,2025-05-26,1900-01-01 16:20:30,1900-01-01 01:20:30,55,-15.0
E125,2025-05-09,1900-01-01 17:18:47,1900-01-01 00:18:47,96,-17.0
E125,2025-05-28,1900-01-01 17:26:04,1900-01-01 00:26:04,131,-17.0
E125,2025-05-24,1900-01-01 20:38:28,1900-01-01 05:38:28,148,-15.0
E126,2025-05-18,1900-01-01 22:48:11,1900-01-01 05:48:11,62,-17.0
E126,2025-05-19,1900-01-01 19:43:54,1900-01-01 04:43:54,138,-15.0
E128,2025-05-09,1900-01-01 17:41:00,1900-01-01 01:41:00,108,-16.0
E128,2025-05-13,1900-01-01 19:19:45,1900-01-01 02:19:45,121,-17.0
E129,2025-05-17,1900-01-01 17:12:08,1900-01-01 00:12:08,119,-17.0
E129,2025-05-31,1900-01-01 23:01:27,1900-01-01 08:01:27,118,-15.0
E129,2025-05-21,1900-01-01 20:17:34,1900-01-01 04:17:34,107,-16.0
E130,2025-05-09,1900-01-01 19:53:28,1900-01-01 04:53:28,147,-15.0
E130,2025-06-01,1900-01-01 16:23:41,1900-01-01 01:23:41,140,-15.0
E130,2025-05-15,1900-01-01 15:53:15,1900-01-01 00:53:15,141,-15.0
E131,2025-05-20,1900-01-01 22:27:32,1900-01-01 06:27:32,94,-16.0
E132,2025-05-12,1900-01-01 20:03:41,1900-01-01 03:03:41,109,-17.0
E132,2025-05-16,1900-01-01 17:31:09,1900-01-01 00:31:09,81,-17.0
E133,2025-05-27,1900-01-01 20:22:47,1900-01-01 04:22:47,102,-16.0
E133,2025-05-11,1900-01-01 23:18:45,1900-01-01 05:18:45,61,-18.0
E134,2025-05-13,1900-01-01 20:08:33,1900-01-01 02:08:33,66,-18.0
E135,2025-06-03,1900-01-01 19:39:05,1900-01-01 02:39:05,109,-17.0
E135,2025-05-09,1900-01-01 19:14:08,1900-01-01 04:14:08,137,-15.0
E135,2025-05-30,1900-01-01 19:12:37,1900-01-01 04:12:37,119,-15.0
E135,2025-05-29,1900-01-01 21:24:14,1900-01-01 05:24:14,79,-16.0
E136,2025-05-19,1900-01-01 20:04:20,1900-01-01 02:04:20,145,-18.0
E136,2025-05-14,1900-01-01 18:23:58,1900-01-01 03:23:58,109,-15.0
E137,2025-05-30,1900-01-01 17:41:55,1900-01-01 02:41:55,145,-15.0
E137,2025-05-08,1900-01-01 17:01:59,1900-01-01 02:01:59,117,-15.0
E137,2025-05-09,1900-01-01 18:59:30,1900-01-01 01:59:30,114,-17.0
E138,2025-05-28,1900-01-01 23:54:32,1900-01-01 08:54:32,131,-15.0
E138,2025-05-25,1900-01-01 15:33:45,1900-01-01 00:33:45,96,-15.0
E138,2025-05-31,1900-01-01 23:10:37,1900-01-01 08:10:37,125,-15.0
E138,2025-05-14,1900-01-01 16:47:40,1900-01-01 00:47:40,82,-16.0
E139,2025-05-12,1900-01-01 17:47:42,1900-01-01 01:47:42,107,-16.0
E139,2025-05-21,1900-01-01 20:37:03,1900-01-01 03:37:03,78,-17.0
E140,2025-05-09,1900-01-01 18:31:18,1900-01-01 03:31:18,130,-15.0
E140,2025-05-18,1900-01-01 23:42:57,1900-01-01 05:42:57,124,-18.0
E141,2025-05-21,1900-01-01 23:59:35,1900-01-01 05:59:35,105,-18.0
E141,2025-06-01,1900-01-01 16:03:18,1900-01-01 01:03:18,108,-15.0
E141,2025-05-28,1900-01-01 17:23:28,1900-01-01 01:23:28,106,-16.0
E142,2025-05-20,1900-01-01 16:20:51,1900-01-01 00:20:51,50,-16.0
E142,2025-05-15,1900-01-01 19:32:23,1900-01-01 03:32:23,83,-16.0
E143,2025-05-13,1900-01-01 19:49:22,1900-01-01 04:49:22,95,-15.0
E143,2025-05-30,1900-01-01 18:59:46,1900-01-01 00:59:46,66,-18.0
E143,2025-05-14,1900-01-01 17:41:57,1900-01-01 01:41:57,95,-16.0
E144,2025-05-24,1900-01-01 19:31:54,1900-01-01 04:31:54,95,-15.0
E144,2025-06-04,1900-01-01 23:31:08,1900-01-01 06:31:08,127,-17.0
E144,2025-05-30,1900-01-01 19:11:15,1900-01-01 02:11:15,133,-17.0
E145,2025-06-05,1900-01-01 21:04:27,1900-01-01 04:04:27,51,-17.0
E145,2025-05-10,1900-01-01 19:38:23,1900-01-01 03:38:23,113,-16.0
E145,2025-06-02,1900-01-01 17:03:17,1900-01-01 02:03:17,70,-15.0
E145,2025-05-21,1900-01-01 19:21:53,1900-01-01 02:21:53,143,-17.0
E146,2025-05-17,1900-01-01 21:56:36,1900-01-01 05:56:36,94,-16.0
E146,2025-05-21,1900-01-01 22:10:05,1900-01-01 07:10:05,90,-15.0
E147,2025-05-10,1900-01-01 17:21:49,1900-01-01 02:21:49,103,-15.0
E147,2025-05-14,1900-01-01 21:07:05,1900-01-01 06:07:05,82,-15.0
E148,2025-05-14,1900-01-01 19:09:26,1900-01-01 02:09:26,82,-17.0
E148,2025-05-16,1900-01-01 19:46:20,1900-01-01 02:46:20,115,-17.0
E148,2025-05-12,1900-01-01 19:47:04,1900-01-01 01:47:04,124,-18.0
E149,2025-05-18,1900-01-01 22:13:29,1900-01-01 05:13:29,125,-17.0
E150,2025-06-01,1900-01-01 21:27:50,1900-01-01 04:27:50,133,-17.0
E151,2025-05-11,1900-01-01 21:15:11,1900-01-01 05:15:11,90,-16.0
E151,2025-05-12,1900-01-01 18:01:41,1900-01-01 02:01:41,131,-16.0
E152,2025-05-26,1900-01-01 19:29:36,1900-01-01 03:29:36,81,-16.0
E153,2025-06-02,1900-01-01 18:49:11,1900-01-01 01:49:11,84,-17.0
E153,2025-05-08,1900-01-01 23:27:27,1900-01-01 06:27:27,112,-17.0
E153,2025-05-20,1900-01-01 22:04:39,1900-01-01 06:04:39,146,-16.0
E153,2025-05-23,1900-01-01 18:39:54,1900-01-01 02:39:54,125,-16.0
E154,2025-05-16,1900-01-01 19:39:39,1900-01-01 04:39:39,69,-15.0
E154,2025-05-14,1900-01-01 18:02:17,1900-01-01 00:02:17,53,-18.0
E154,2025-05-10,1900-01-01 20:07:20,1900-01-01 05:07:20,69,-15.0
E155,2025-05-31,1900-01-01 22:33:01,1900-01-01 04:33:01,85,-18.0
E156,2025-05-17,1900-01-01 16:57:46,1900-01-01 01:57:46,70,-15.0
E157,2025-06-01,1900-01-01 23:06:26,1900-01-01 08:06:26,143,-15.0
E157,2025-05-13,1900-01-01 18:13:53,1900-01-01 01:13:53,51,-17.0
E158,2025-05-12,1900-01-01 21:58:20,1900-01-01 04:58:20,109,-17.0
E158,2025-05-08,1900-01-01 19:02:56,1900-01-01 01:02:56,63,-18.0
E158,2025-06-02,1900-01-01 16:18:43,1900-01-01 01:18:43,138,-15.0
E159,2025-05-24,1900-01-01 20:29:51,1900-01-01 03:29:51,84,-17.0
E159,2025-05-11,1900-01-01 18:12:16,1900-01-01 00:12:16,54,-18.0
E159,2025-06-03,1900-01-01 21:27:13,1900-01-01 05:27:13,114,-16.0
E159,2025-05-25,1900-01-01 15:21:10,1900-01-01 00:21:10,125,-15.0
E160,2025-06-03,1900-01-01 23:09:54,1900-01-01 07:09:54,80,-16.0
E160,2025-05-13,1900-01-01 21:15:37,1900-01-01 05:15:37,59,-16.0
E160,2025-05-15,1900-01-01 21:19:24,1900-01-01 06:19:24,143,-15.0
E160,2025-05-14,1900-01-01 21:53:19,1900-01-01 03:53:19,50,-18.0
E160,2025-05-16,1900-01-01 17:32:38,1900-01-01 02:32:38,92,-15.0
E161,2025-05-12,1900-01-01 23:50:06,1900-01-01 06:50:06,133,-17.0
E161,2025-05-22,1900-01-01 18:03:03,1900-01-01 03:03:03,86,-15.0
E161,2025-05-26,1900-01-01 18:01:12,1900-01-01 02:01:12,125,-16.0
E163,2025-05-09,1900-01-01 21:54:51,1900-01-01 03:54:51,82,-18.0
E163,2025-05-14,1900-01-01 18:11:55,1900-01-01 01:11:55,69,-17.0
E164,2025-05-21,1900-01-01 18:34:20,1900-01-01 02:34:20,144,-16.0
E165,2025-05-17,1900-01-01 20:13:29,1900-01-01 05:13:29,94,-15.0
E166,2025-05-27,1900-01-01 18:30:57,1900-01-01 01:30:57,57,-17.0
E166,2025-05-30,1900-01-01 18:12:12,1900-01-01 01:12:12,134,-17.0
E166,2025-05-20,1900-01-01 19:15:56,1900-01-01 02:15:56,54,-17.0
E167,2025-05-11,1900-01-01 19:42:33,1900-01-01 03:42:33,139,-16.0
E167,2025-05-27,1900-01-01 16:03:06,1900-01-01 00:03:06,123,-16.0
E167,2025-05-23,1900-01-01 18:05:41,1900-01-01 00:05:41,75,-18.0
E168,2025-05-23,1900-01-01 18:14:45,1900-01-01 02:14:45,121,-16.0
E168,2025-05-09,1900-01-01 16:57:11,1900-01-01 01:57:11,82,-15.0
E169,2025-05-28,1900-01-01 19:40:41,1900-01-01 01:40:41,138,-18.0
E169,2025-05-24,1900-01-01 16:42:09,1900-01-01 01:42:09,147,-15.0
E170,2025-06-05,1900-01-01 20:38:31,1900-01-01 03:38:31,68,-17.0
E170,2025-05-30,1900-01-01 23:58:21,1900-01-01 05:58:21,64,-18.0
E171,2025-06-01,1900-01-01 22:17:36,1900-01-01 07:17:36,84,-15.0
E171,2025-05-14,1900-01-01 15:45:54,1900-01-01 00:45:54,139,-15.0
E172,2025-05-30,1900-01-01 22:00:45,1900-01-01 07:00:45,115,-15.0
E172,2025-05-18,1900-01-01 19:52:57,1900-01-01 02:52:57,74,-17.0
E173,2025-05-11,1900-01-01 21:30:15,1900-01-01 04:30:15,97,-17.0
E173,2025-05-09,1900-01-01 21:51:56,1900-01-01 03:51:56,128,-18.0
E173,2025-05-16,1900-01-01 16:57:57,1900-01-01 01:57:57,136,-15.0
E174,2025-06-03,1900-01-01 23:38:04,1900-01-01 06:38:04,92,-17.0
E174,2025-06-02,1900-01-01 18:40:57,1900-01-01 02:40:57,129,-16.0
E174,2025-06-02,1900-01-01 18:09:09,1900-01-01 00:09:09,85,-18.0
E175,2025-05-21,1900-01-01 20:05:45,1900-01-01 04:05:45,57,-16.0
E176,2025-06-05,1900-01-01 16:27:21,1900-01-01 01:27:21,123,-15.0
E176,2025-05-22,1900-01-01 22:53:40,1900-01-01 06:53:40,62,-16.0
E176,2025-05-19,1900-01-01 16:54:56,1900-01-01 00:54:56,105,-16.0
E177,2025-06-04,1900-01-01 20:26:29,1900-01-01 03:26:29,96,-17.0
E177,2025-05-09,1900-01-01 22:16:38,1900-01-01 06:16:38,71,-16.0
E179,2025-05-22,1900-01-01 17:37:21,1900-01-01 00:37:21,140,-17.0
E179,2025-05-17,1900-01-01 21:57:04,1900-01-01 04:57:04,73,-17.0
E180,2025-05-16,1900-01-01 23:48:58,1900-01-01 07:48:58,98,-16.0
E180,2025-05-24,1900-01-01 18:55:20,1900-01-01 02:55:20,147,-16.0
E180,2025-05-19,1900-01-01 17:37:38,1900-01-01 02:37:38,86,-15.0
E180,2025-06-05,1900-01-01 16:00:49,1900-01-01 00:00:49,84,-16.0
E180,2025-05-17,1900-01-01 19:06:19,1900-01-01 04:06:19,120,-15.0
E181,2025-05-30,1900-01-01 23:25:58,1900-01-01 05:25:58,106,-18.0
E182,2025-05-31,1900-01-01 20:03:27,1900-01-01 04:03:27,56,-16.0
E182,2025-05-17,1900-01-01 19:13:06,1900-01-01 03:13:06,91,-16.0
E183,2025-05-26,1900-01-01 19:30:56,1900-01-01 01:30:56,85,-18.0
E183,2025-05-31,1900-01-01 18:43:09,1900-01-01 03:43:09,146,-15.0
E183,2025-05-15,1900-01-01 23:23:45,1900-01-01 08:23:45,52,-15.0
E183,2025-05-13,1900-01-01 20:34:18,1900-01-01 02:34:18,119,-18.0
E183,2025-05-18,1900-01-01 15:39:16,1900-01-01 00:39:16,51,-15.0
E184,2025-05-25,1900-01-01 21:07:42,1900-01-01 06:07:42,54,-15.0
E184,2025-05-24,1900-01-01 19:42:11,1900-01-01 04:42:11,76,-15.0
E184,2025-05-24,1900-01-01 23:43:07,1900-01-01 05:43:07,107,-18.0
E185,2025-06-04,1900-01-01 20:18:46,1900-01-01 03:18:46,51,-17.0
E185,2025-05-11,1900-01-01 18:30:57,1900-01-01 02:30:57,79,-16.0
E185,2025-05-25,1900-01-01 21:08:29,1900-01-01 06:08:29,57,-15.0
E186,2025-05-11,1900-01-01 19:24:41,1900-01-01 04:24:41,111,-15.0
E187,2025-05-20,1900-01-01 20:33:22,1900-01-01 02:33:22,65,-18.0
E187,2025-05-15,1900-01-01 19:00:19,1900-01-01 04:00:19,52,-15.0
E187,2025-05-24,1900-01-01 21:34:43,1900-01-01 06:34:43,79,-15.0
E187,2025-05-16,1900-01-01 20:22:16,1900-01-01 02:22:16,133,-18.0
E188,2025-05-12,1900-01-01 23:52:24,1900-01-01 06:52:24,71,-17.0
E188,2025-06-02,1900-01-01 17:14:37,1900-01-01 02:14:37,87,-15.0
E188,2025-05-09,1900-01-01 22:36:17,1900-01-01 07:36:17,147,-15.0
E189,2025-06-02,1900-01-01 21:35:01,1900-01-01 06:35:01,146,-15.0
E189,2025-06-03,1900-01-01 18:24:24,1900-01-01 02:24:24,115,-16.0
E189,2025-06-03,1900-01-01 23:40:51,1900-01-01 05:40:51,134,-18.0
E189,2025-05-25,1900-01-01 21:37:30,1900-01-01 04:37:30,140,-17.0
E189,2025-05-26,1900-01-01 23:37:20,1900-01-01 07:37:20,101,-16.0
E191,2025-05-07,1900-01-01 22:59:25,1900-01-01 06:59:25,79,-16.0
E191,2025-05-18,1900-01-01 17:15:02,1900-01-01 02:15:02,79,-15.0
E191,2025-05-28,1900-01-01 21:03:00,1900-01-01 04:03:00,55,-17.0
E191,2025-05-13,1900-01-01 23:56:32,1900-01-01 07:56:32,101,-16.0
E192,2025-05-27,1900-01-01 23:17:30,1900-01-01 05:17:30,115,-18.0
E192,2025-05-29,1900-01-01 21:33:44,1900-01-01 03:33:44,103,-18.0
E193,2025-06-04,1900-01-01 18:57:49,1900-01-01 02:57:49,148,-16.0
E193,2025-06-05,1900-01-01 18:07:16,1900-01-01 03:07:16,70,-15.0
E194,2025-05-20,1900-01-01 16:53:28,1900-01-01 01:53:28,61,-15.0
E194,2025-06-05,1900-01-01 17:30:13,1900-01-01 02:30:13,145,-15.0
E194,2025-05-13,1900-01-01 15:36:19,1900-01-01 00:36:19,62,-15.0
E194,2025-05-24,1900-01-01 16:15:32,1900-01-01 00:15:32,127,-16.0
E195,2025-05-12,1900-01-01 18:04:58,1900-01-01 00:04:58,109,-18.0
E195,2025-05-19,1900-01-01 16:18:41,1900-01-01 00:18:41,51,-16.0
E195,2025-05-09,1900-01-01 23:12:51,1900-01-01 08:12:51,72,-15.0
E196,2025-05-25,1900-01-01 21:59:58,1900-01-01 05:59:58,54,-16.0
E197,2025-05-09,1900-01-01 22:13:57,1900-01-01 07:13:57,146,-15.0
E197,2025-06-04,1900-01-01 16:20:14,1900-01-01 00:20:14,89,-16.0
E198,2025-05-28,1900-01-01 23:30:56,1900-01-01 05:30:56,101,-18.0
E198,2025-05-22,1900-01-01 20:36:18,1900-01-01 05:36:18,87,-15.0
E198,2025-05-30,1900-01-01 21:32:39,1900-01-01 05:32:39,99,-16.0
E198,2025-05-14,1900-01-01 18:17:39,1900-01-01 02:17:39,76,-16.0
E199,2025-05-08,1900-01-01 21:18:10,1900-01-01 06:18:10,135,-15.0
E199,2025-05-20,1900-01-01 17:17:16,1900-01-01 00:17:16,111,-17.0
E200,2025-05-30,1900-01-01 19:32:42,1900-01-01 01:32:42,59,-18.0
E200,2025-05-20,1900-01-01 19:24:19,1900-01-01 03:24:19,107,-16.0
