ID_Empleado,Fecha,Hora_Inicio,Hora_Fin,Producci√≥n_Total
E001,2025-05-16,02:41:02,10:41:02,101
E001,2025-06-01,11:20:04,17:20:04,64
E001,2025-06-03,16:21:36,00:21:36,121
E001,2025-05-30,13:25:43,19:25:43,70
E001,2025-05-30,09:56:21,17:56:21,132
E001,2025-05-25,16:13:49,00:13:49,124
E001,2025-06-04,19:05:07,03:05:07,137
E002,2025-06-02,09:15:20,15:15:20,149
E002,2025-05-27,13:26:36,22:26:36,73
E002,2025-05-18,08:59:07,16:59:07,71
E002,2025-06-04,15:06:23,21:06:23,51
E002,2025-05-08,06:06:56,15:06:56,79
E002,2025-05-18,03:54:25,10:54:25,51
E002,2025-05-16,07:32:12,16:32:12,109
E002,2025-05-08,22:08:06,04:08:06,82
E003,2025-05-27,20:02:17,05:02:17,107
E003,2025-05-11,18:17:55,01:17:55,138
E003,2025-05-25,22:51:24,04:51:24,140
E003,2025-05-13,01:27:15,09:27:15,91
E003,2025-05-18,10:23:37,19:23:37,141
E003,2025-05-23,09:54:07,18:54:07,129
E003,2025-05-23,00:11:14,08:11:14,111
E003,2025-05-15,03:43:09,10:43:09,96
E003,2025-05-31,19:00:15,02:00:15,100
E003,2025-05-17,16:30:14,01:30:14,104
E004,2025-05-24,04:07:54,13:07:54,113
E004,2025-06-05,07:39:57,13:39:57,52
E004,2025-05-17,11:51:26,17:51:26,100
E004,2025-05-10,17:21:06,01:21:06,70
E004,2025-05-14,09:10:41,15:10:41,88
E004,2025-05-11,18:08:34,01:08:34,53
E004,2025-05-09,21:21:52,03:21:52,109
E004,2025-05-25,06:34:46,13:34:46,58
E004,2025-05-18,00:19:39,07:19:39,102
E004,2025-05-11,23:29:31,06:29:31,133
E005,2025-05-11,08:23:28,17:23:28,109
E005,2025-06-02,21:58:28,05:58:28,93
E005,2025-05-13,22:35:47,04:35:47,57
E005,2025-05-31,07:20:56,15:20:56,84
E005,2025-05-10,22:47:50,05:47:50,130
E005,2025-05-10,01:50:07,10:50:07,99
E006,2025-05-28,22:23:21,07:23:21,53
E006,2025-05-19,21:16:58,04:16:58,55
E006,2025-05-15,18:57:04,01:57:04,53
E006,2025-05-30,02:42:00,09:42:00,142
E006,2025-05-19,12:02:22,20:02:22,67
E006,2025-05-25,21:23:12,04:23:12,93
E006,2025-05-12,09:32:22,16:32:22,123
E007,2025-05-25,15:54:48,22:54:48,149
E007,2025-05-23,14:09:18,21:09:18,144
E007,2025-05-21,08:16:35,17:16:35,64
E007,2025-05-24,21:36:21,06:36:21,127
E007,2025-05-15,09:51:56,17:51:56,111
E007,2025-06-05,17:26:46,02:26:46,134
E008,2025-05-24,23:55:49,08:55:49,131
E008,2025-05-22,14:06:20,22:06:20,102
E008,2025-05-13,03:41:13,12:41:13,75
E008,2025-05-23,14:26:39,20:26:39,109
E008,2025-06-04,11:19:38,20:19:38,90
E008,2025-05-16,17:59:46,23:59:46,64
E008,2025-05-27,05:48:48,11:48:48,114
E008,2025-05-21,01:20:15,07:20:15,120
E008,2025-05-10,23:09:50,05:09:50,137
E008,2025-05-31,17:12:18,23:12:18,57
E009,2025-06-02,13:48:26,22:48:26,112
E009,2025-05-31,06:49:57,14:49:57,130
E009,2025-05-19,16:11:14,01:11:14,84
E009,2025-05-09,22:37:01,06:37:01,82
E009,2025-06-04,11:36:42,19:36:42,54
E010,2025-05-13,09:51:38,16:51:38,90
E010,2025-05-23,19:27:08,04:27:08,56
E010,2025-05-11,14:21:40,20:21:40,121
E010,2025-05-23,03:49:00,12:49:00,83
E010,2025-05-21,01:43:56,07:43:56,97
E010,2025-06-03,06:23:33,14:23:33,72
E010,2025-05-15,21:30:42,04:30:42,137
E010,2025-05-28,02:07:05,08:07:05,148
E011,2025-05-24,15:16:24,00:16:24,135
E011,2025-05-26,14:32:48,22:32:48,84
E011,2025-06-04,16:11:55,22:11:55,148
E011,2025-06-04,09:18:52,15:18:52,96
E011,2025-05-21,14:24:50,21:24:50,52
E012,2025-06-04,15:24:49,21:24:49,54
E012,2025-05-24,00:59:16,07:59:16,63
E012,2025-05-15,07:54:35,15:54:35,76
E012,2025-05-13,17:11:08,23:11:08,128
E012,2025-05-10,13:57:11,21:57:11,139
E012,2025-06-01,05:39:35,12:39:35,126
E012,2025-05-09,15:12:37,23:12:37,112
E012,2025-05-24,06:43:13,15:43:13,101
E013,2025-05-10,13:02:03,19:02:03,145
E013,2025-06-05,07:22:14,16:22:14,143
E013,2025-05-08,21:32:58,03:32:58,72
E013,2025-05-15,08:36:48,16:36:48,64
E013,2025-05-13,21:14:17,05:14:17,78
E013,2025-05-20,09:49:12,18:49:12,62
E014,2025-05-18,01:25:21,10:25:21,120
E014,2025-05-20,07:39:23,15:39:23,135
E014,2025-05-15,17:34:15,02:34:15,115
E014,2025-05-27,10:26:28,17:26:28,94
E014,2025-05-31,19:37:49,02:37:49,106
E014,2025-06-02,14:01:59,20:01:59,55
E015,2025-05-28,16:30:00,01:30:00,77
E015,2025-05-28,10:13:00,19:13:00,93
E015,2025-05-25,12:16:53,21:16:53,79
E015,2025-05-12,20:09:07,03:09:07,124
E015,2025-05-23,21:59:58,06:59:58,141
E015,2025-05-15,09:37:46,15:37:46,111
E015,2025-06-03,19:32:23,01:32:23,50
E015,2025-06-01,11:41:06,17:41:06,76
E016,2025-05-24,13:38:44,20:38:44,126
E016,2025-05-14,08:41:19,14:41:19,52
E016,2025-06-04,17:58:57,01:58:57,119
E016,2025-05-17,18:31:09,03:31:09,76
E016,2025-06-05,15:25:32,21:25:32,111
E016,2025-05-21,19:33:03,01:33:03,146
E016,2025-05-08,09:24:43,17:24:43,93
E017,2025-05-18,22:42:46,07:42:46,128
E017,2025-05-23,19:49:26,03:49:26,81
E017,2025-05-25,01:10:25,10:10:25,137
E017,2025-05-18,14:09:42,20:09:42,101
E017,2025-06-03,02:02:48,08:02:48,111
E017,2025-05-16,11:49:01,17:49:01,107
E017,2025-06-03,08:42:34,17:42:34,61
E018,2025-05-29,10:02:05,17:02:05,88
E018,2025-05-20,07:09:41,14:09:41,52
E018,2025-06-04,04:33:14,10:33:14,105
E018,2025-06-05,16:17:01,22:17:01,108
E018,2025-05-20,07:52:23,13:52:23,51
E018,2025-05-13,13:14:52,20:14:52,141
E019,2025-05-16,20:09:21,03:09:21,136
E019,2025-05-24,23:20:04,05:20:04,145
E019,2025-05-15,10:23:10,16:23:10,50
E019,2025-06-01,21:43:17,05:43:17,51
E019,2025-05-26,21:44:55,03:44:55,93
E019,2025-05-10,16:24:22,23:24:22,81
E020,2025-06-05,14:41:23,21:41:23,81
E020,2025-06-03,03:45:54,11:45:54,117
E020,2025-05-22,16:05:31,00:05:31,124
E020,2025-05-18,14:31:04,23:31:04,66
E020,2025-05-09,06:27:47,14:27:47,87
E021,2025-05-31,13:16:23,22:16:23,118
E021,2025-05-19,17:05:14,02:05:14,147
E021,2025-05-23,02:51:43,09:51:43,135
E021,2025-05-24,23:47:57,07:47:57,65
E021,2025-05-29,00:57:57,06:57:57,122
E021,2025-05-13,04:29:29,13:29:29,108
E021,2025-05-09,22:33:40,05:33:40,129
E021,2025-05-15,23:42:02,05:42:02,52
E021,2025-06-04,13:31:03,22:31:03,108
E021,2025-05-10,11:12:03,20:12:03,68
E022,2025-05-26,18:19:58,01:19:58,116
E022,2025-05-15,12:57:52,20:57:52,68
E022,2025-05-26,19:43:42,04:43:42,145
E022,2025-05-21,10:16:15,18:16:15,101
E022,2025-05-22,06:31:31,12:31:31,82
E022,2025-06-04,08:30:49,17:30:49,88
E023,2025-05-29,11:25:14,18:25:14,50
E023,2025-05-22,05:25:03,13:25:03,141
E023,2025-06-01,18:12:22,00:12:22,138
E023,2025-05-16,06:38:09,13:38:09,72
E023,2025-05-27,12:26:51,20:26:51,143
E023,2025-05-26,04:12:47,11:12:47,148
E023,2025-05-18,10:16:20,18:16:20,65
E023,2025-05-20,15:32:50,22:32:50,109
E024,2025-05-29,09:58:21,15:58:21,51
E024,2025-06-05,00:30:32,06:30:32,97
E024,2025-06-03,02:29:08,09:29:08,61
E024,2025-06-02,07:18:57,13:18:57,86
E024,2025-05-23,16:46:23,01:46:23,58
E024,2025-05-16,03:08:38,09:08:38,148
E024,2025-05-14,08:29:53,16:29:53,97
E025,2025-05-30,06:01:13,15:01:13,52
E025,2025-05-24,02:28:22,11:28:22,73
E025,2025-05-24,21:02:23,04:02:23,82
E025,2025-05-15,05:52:47,14:52:47,124
E025,2025-05-13,19:30:26,01:30:26,121
E025,2025-05-11,17:09:50,02:09:50,87
E025,2025-05-15,05:42:56,14:42:56,133
E026,2025-05-26,09:35:28,16:35:28,148
E026,2025-05-24,16:34:34,01:34:34,138
E026,2025-05-30,08:47:39,16:47:39,74
E026,2025-05-12,10:21:57,16:21:57,67
E026,2025-05-21,10:46:40,19:46:40,131
E027,2025-05-28,12:48:14,19:48:14,103
E027,2025-05-11,04:38:52,12:38:52,129
E027,2025-05-17,19:20:37,01:20:37,90
E027,2025-05-13,15:09:46,00:09:46,82
E027,2025-06-02,11:08:33,20:08:33,82
E027,2025-05-19,04:16:26,11:16:26,70
E027,2025-06-01,21:52:32,06:52:32,69
E028,2025-05-13,00:01:13,09:01:13,57
E028,2025-06-01,12:47:41,20:47:41,116
E028,2025-05-14,17:11:11,23:11:11,82
E028,2025-05-21,05:51:30,14:51:30,125
E028,2025-05-14,08:28:35,16:28:35,135
E028,2025-05-24,05:38:18,13:38:18,71
E028,2025-05-26,19:00:18,02:00:18,79
E029,2025-05-20,09:23:28,16:23:28,100
E029,2025-05-10,12:33:32,19:33:32,57
E029,2025-05-18,20:51:29,04:51:29,76
E029,2025-05-16,22:05:59,05:05:59,70
E029,2025-05-28,15:45:39,22:45:39,146
E029,2025-05-23,08:50:25,17:50:25,113
E029,2025-06-05,09:02:18,15:02:18,118
E029,2025-05-11,21:57:56,06:57:56,110
E029,2025-05-25,01:30:44,10:30:44,68
E029,2025-05-14,19:15:58,04:15:58,84
E030,2025-05-27,05:49:16,14:49:16,98
E030,2025-05-29,02:50:47,11:50:47,66
E030,2025-05-30,12:55:01,21:55:01,141
E030,2025-05-13,03:09:21,10:09:21,142
E030,2025-05-23,09:36:27,16:36:27,55
E030,2025-05-30,01:29:56,09:29:56,86
E030,2025-06-05,05:13:27,14:13:27,142
E030,2025-05-20,13:26:16,19:26:16,95
E030,2025-05-09,06:17:12,12:17:12,144
E031,2025-05-13,03:28:42,11:28:42,109
E031,2025-05-26,01:43:49,07:43:49,112
E031,2025-05-12,18:03:47,00:03:47,134
E031,2025-05-27,22:48:50,07:48:50,136
E031,2025-05-10,01:01:00,07:01:00,116
E031,2025-06-01,06:19:27,15:19:27,67
E031,2025-05-17,10:52:06,16:52:06,144
E031,2025-06-05,09:38:29,16:38:29,107
E032,2025-05-22,08:51:34,16:51:34,95
E032,2025-05-16,03:47:11,12:47:11,81
E032,2025-06-01,03:47:05,11:47:05,135
E032,2025-05-24,16:38:07,00:38:07,115
E032,2025-05-16,06:04:01,14:04:01,76
E032,2025-06-05,01:53:06,08:53:06,51
E032,2025-06-04,17:38:10,00:38:10,66
E032,2025-05-16,16:59:20,01:59:20,82
E032,2025-05-28,22:48:16,04:48:16,92
E032,2025-05-27,22:19:06,05:19:06,97
E033,2025-05-20,18:15:29,02:15:29,142
E033,2025-05-28,08:22:52,15:22:52,75
E033,2025-05-13,15:50:57,23:50:57,99
E033,2025-05-27,22:48:21,04:48:21,73
E033,2025-05-09,23:37:36,05:37:36,109
E033,2025-05-27,17:12:16,00:12:16,56
E033,2025-05-28,20:23:03,02:23:03,85
E033,2025-05-11,13:49:47,19:49:47,69
E033,2025-05-26,07:17:45,13:17:45,57
E034,2025-06-01,18:54:47,03:54:47,65
E034,2025-05-26,11:01:04,18:01:04,125
E034,2025-05-18,12:56:43,20:56:43,136
E034,2025-05-28,19:09:06,03:09:06,141
E034,2025-05-08,13:15:24,20:15:24,115
E034,2025-06-05,08:39:34,17:39:34,136
E034,2025-05-29,03:39:31,11:39:31,135
E035,2025-05-14,01:02:56,09:02:56,74
E035,2025-05-15,01:45:35,08:45:35,112
E035,2025-05-15,22:35:25,05:35:25,71
E035,2025-05-15,09:36:01,16:36:01,107
E035,2025-05-24,01:18:14,08:18:14,98
E036,2025-06-02,07:52:29,16:52:29,91
E036,2025-05-21,01:07:23,08:07:23,64
E036,2025-05-13,03:56:27,10:56:27,109
E036,2025-06-05,17:05:52,23:05:52,146
E036,2025-06-04,05:40:31,14:40:31,102
E037,2025-05-24,15:16:21,00:16:21,54
E037,2025-05-23,20:07:10,04:07:10,117
E037,2025-05-21,13:18:12,20:18:12,145
E037,2025-06-01,04:29:22,13:29:22,143
E037,2025-06-03,14:27:59,22:27:59,148
E037,2025-05-10,11:30:50,19:30:50,89
E037,2025-05-19,12:36:49,21:36:49,65
E038,2025-06-01,13:48:38,19:48:38,79
E038,2025-05-20,21:03:51,05:03:51,66
E038,2025-05-18,07:44:51,16:44:51,112
E038,2025-06-03,15:30:36,23:30:36,141
E038,2025-05-18,21:36:31,04:36:31,104
E038,2025-05-24,21:23:06,04:23:06,139
E039,2025-05-11,12:19:46,18:19:46,111
E039,2025-05-30,15:28:57,23:28:57,58
E039,2025-06-05,14:23:39,23:23:39,50
E039,2025-05-31,00:29:13,07:29:13,50
E039,2025-05-11,16:19:04,00:19:04,83
E039,2025-05-28,01:28:59,10:28:59,97
E039,2025-05-25,13:47:06,19:47:06,50
E039,2025-05-23,23:20:35,08:20:35,110
E039,2025-05-20,13:13:32,21:13:32,113
E040,2025-05-18,21:14:38,05:14:38,118
E040,2025-05-27,01:45:39,08:45:39,142
E040,2025-05-29,05:25:02,13:25:02,116
E040,2025-05-09,15:32:25,00:32:25,75
E040,2025-05-31,19:39:00,04:39:00,100
E040,2025-05-10,08:56:36,14:56:36,135
E040,2025-05-29,04:38:25,10:38:25,78
E041,2025-06-03,00:53:12,07:53:12,141
E041,2025-05-27,20:30:04,02:30:04,96
E041,2025-05-25,20:38:14,02:38:14,143
E041,2025-05-14,02:47:31,09:47:31,111
E041,2025-05-10,01:04:04,10:04:04,118
E042,2025-05-27,12:49:51,21:49:51,65
E042,2025-05-30,13:28:11,20:28:11,139
E042,2025-05-11,04:20:34,13:20:34,134
E042,2025-05-12,11:00:23,19:00:23,149
E042,2025-05-24,08:28:18,14:28:18,143
E043,2025-05-28,04:11:02,10:11:02,72
E043,2025-06-03,17:39:39,00:39:39,59
E043,2025-05-15,08:40:49,15:40:49,118
E043,2025-05-18,17:30:17,02:30:17,83
E043,2025-05-15,05:50:09,14:50:09,144
E043,2025-05-09,20:41:32,03:41:32,68
E043,2025-06-04,10:54:08,17:54:08,145
E043,2025-05-27,04:52:25,10:52:25,118
E043,2025-05-13,19:29:19,01:29:19,53
E044,2025-05-29,10:23:10,19:23:10,73
E044,2025-05-08,03:46:29,12:46:29,51
E044,2025-05-26,19:09:40,01:09:40,141
E044,2025-06-04,20:34:54,05:34:54,81
E044,2025-05-15,16:19:03,00:19:03,133
E044,2025-05-17,17:27:41,02:27:41,61
E044,2025-06-04,00:39:58,07:39:58,84
E044,2025-05-08,16:23:26,01:23:26,82
E045,2025-05-24,01:10:26,07:10:26,110
E045,2025-05-16,07:56:36,15:56:36,92
E045,2025-05-30,18:05:48,00:05:48,61
E045,2025-05-25,07:09:38,15:09:38,114
E045,2025-06-05,19:36:23,01:36:23,89
E045,2025-05-09,00:05:08,07:05:08,92
E045,2025-05-13,07:11:45,16:11:45,78
E046,2025-05-24,09:30:41,15:30:41,61
E046,2025-05-22,06:17:53,14:17:53,95
E046,2025-05-31,11:32:06,18:32:06,84
E046,2025-06-01,22:38:53,06:38:53,130
E046,2025-06-04,17:29:59,00:29:59,57
E046,2025-05-17,18:06:57,00:06:57,75
E046,2025-05-28,05:38:05,12:38:05,139
E046,2025-05-10,13:54:35,20:54:35,83
E046,2025-05-09,19:53:36,03:53:36,56
E046,2025-05-30,14:08:15,23:08:15,107
E047,2025-05-12,08:26:24,14:26:24,124
E047,2025-05-26,00:59:12,06:59:12,85
E047,2025-05-17,03:33:03,09:33:03,70
E047,2025-06-05,17:11:59,23:11:59,85
E047,2025-05-12,07:06:45,14:06:45,122
E047,2025-05-28,21:56:39,06:56:39,113
E047,2025-05-25,22:53:52,06:53:52,98
E048,2025-05-09,13:29:16,21:29:16,85
E048,2025-06-03,00:31:25,07:31:25,145
E048,2025-05-11,16:47:50,01:47:50,72
E048,2025-05-17,02:08:24,09:08:24,145
E048,2025-05-26,02:19:50,08:19:50,61
E048,2025-05-16,15:16:14,21:16:14,104
E048,2025-06-05,18:09:51,00:09:51,72
E048,2025-05-20,07:23:18,13:23:18,148
E049,2025-05-12,09:33:02,15:33:02,79
E049,2025-05-29,19:03:57,01:03:57,111
E049,2025-05-11,06:15:37,15:15:37,138
E049,2025-05-19,17:54:17,00:54:17,62
E049,2025-05-11,07:04:51,15:04:51,68
E049,2025-06-04,04:04:36,10:04:36,149
E049,2025-05-15,11:56:43,20:56:43,110
E049,2025-05-20,12:15:58,18:15:58,68
E049,2025-05-23,05:14:58,14:14:58,58
E050,2025-05-18,17:15:18,01:15:18,77
E050,2025-05-21,20:31:11,03:31:11,144
E050,2025-05-30,23:35:10,08:35:10,101
E050,2025-06-04,20:25:53,04:25:53,65
E050,2025-05-20,13:21:59,19:21:59,118
E050,2025-05-13,19:58:22,03:58:22,61
E050,2025-05-22,12:01:43,18:01:43,101
E050,2025-06-01,16:55:21,00:55:21,134
E050,2025-05-11,11:44:44,20:44:44,102
E051,2025-05-27,13:45:01,21:45:01,65
E051,2025-05-09,04:17:30,10:17:30,88
E051,2025-05-17,11:59:47,17:59:47,102
E051,2025-05-10,05:05:44,12:05:44,107
E051,2025-05-22,05:58:44,13:58:44,63
E052,2025-05-14,21:07:17,05:07:17,54
E052,2025-05-26,05:57:32,13:57:32,136
E052,2025-05-27,01:46:07,07:46:07,124
E052,2025-05-11,09:34:47,16:34:47,125
E052,2025-06-03,21:23:16,03:23:16,123
E052,2025-05-13,15:14:14,22:14:14,66
E052,2025-06-02,10:52:00,16:52:00,56
E052,2025-05-24,23:04:36,06:04:36,62
E053,2025-05-19,21:13:03,06:13:03,91
E053,2025-05-21,01:45:27,07:45:27,99
E053,2025-05-08,18:32:57,02:32:57,115
E053,2025-05-24,23:14:20,05:14:20,78
E053,2025-05-21,17:14:00,23:14:00,87
E053,2025-05-16,21:53:28,05:53:28,57
E053,2025-05-28,02:07:46,11:07:46,114
E053,2025-05-24,17:03:47,00:03:47,66
E053,2025-06-03,10:57:28,18:57:28,120
E054,2025-05-30,08:46:27,14:46:27,94
E054,2025-05-11,00:23:17,09:23:17,85
E054,2025-06-05,14:26:51,21:26:51,80
E054,2025-05-13,21:56:08,05:56:08,110
E054,2025-05-20,07:20:25,16:20:25,103
E054,2025-05-31,03:05:55,11:05:55,140
E055,2025-05-18,20:56:25,03:56:25,139
E055,2025-05-14,10:25:59,18:25:59,88
E055,2025-05-23,15:13:15,22:13:15,116
E055,2025-05-11,14:19:28,20:19:28,62
E055,2025-05-28,17:01:13,00:01:13,141
E055,2025-05-10,03:56:32,10:56:32,107
E055,2025-05-12,21:36:07,06:36:07,141
E056,2025-06-04,02:15:35,11:15:35,110
E056,2025-05-14,09:18:05,17:18:05,88
E056,2025-05-12,02:29:55,08:29:55,52
E056,2025-05-22,12:25:03,18:25:03,141
E056,2025-05-18,20:12:17,03:12:17,112
E057,2025-06-02,17:43:57,02:43:57,74
E057,2025-05-22,17:38:51,02:38:51,82
E057,2025-05-21,18:08:51,01:08:51,55
E057,2025-05-17,11:49:20,18:49:20,93
E057,2025-05-15,04:22:55,10:22:55,81
E057,2025-05-27,06:03:47,12:03:47,110
E057,2025-06-04,03:45:42,11:45:42,70
E057,2025-06-05,09:12:37,18:12:37,134
E057,2025-05-12,06:32:02,14:32:02,85
E057,2025-05-10,04:02:09,12:02:09,68
E058,2025-05-15,18:42:08,03:42:08,106
E058,2025-05-14,03:17:23,10:17:23,96
E058,2025-06-03,10:00:46,16:00:46,98
E058,2025-06-01,10:45:22,17:45:22,64
E058,2025-05-11,18:49:05,02:49:05,50
E058,2025-05-12,21:49:31,03:49:31,103
E058,2025-05-23,21:19:03,04:19:03,52
E058,2025-05-10,08:27:10,17:27:10,136
E059,2025-05-09,23:04:46,05:04:46,124
E059,2025-05-08,10:29:01,19:29:01,123
E059,2025-05-19,18:13:54,03:13:54,65
E059,2025-05-11,19:14:55,04:14:55,125
E059,2025-05-16,23:45:24,08:45:24,77
E060,2025-05-15,21:08:35,03:08:35,57
E060,2025-05-22,18:32:29,01:32:29,141
E060,2025-05-13,00:40:43,09:40:43,139
E060,2025-05-13,08:08:36,17:08:36,107
E060,2025-05-22,17:58:20,02:58:20,99
E060,2025-05-11,20:11:13,05:11:13,141
E060,2025-05-11,21:55:09,03:55:09,90
E060,2025-05-17,09:09:41,18:09:41,113
E060,2025-05-17,08:22:21,16:22:21,112
E061,2025-05-29,16:41:30,22:41:30,122
E061,2025-05-11,02:37:08,08:37:08,133
E061,2025-05-18,07:49:54,13:49:54,141
E061,2025-05-08,12:44:39,21:44:39,78
E061,2025-05-15,20:20:01,02:20:01,95
E061,2025-05-17,21:07:41,05:07:41,55
E061,2025-06-02,06:58:29,13:58:29,118
E061,2025-05-25,02:59:57,10:59:57,74
E061,2025-05-11,19:32:21,02:32:21,59
E062,2025-05-29,15:50:37,00:50:37,79
E062,2025-05-20,15:40:17,22:40:17,54
E062,2025-05-13,02:41:01,10:41:01,82
E062,2025-05-11,22:25:19,05:25:19,114
E062,2025-05-21,16:59:30,23:59:30,145
E062,2025-05-27,21:50:32,05:50:32,98
E062,2025-05-26,23:59:06,07:59:06,134
E062,2025-06-02,15:30:43,22:30:43,112
E062,2025-06-02,17:57:36,23:57:36,135
E062,2025-05-22,22:57:19,06:57:19,76
E063,2025-05-16,13:27:14,19:27:14,126
E063,2025-05-18,12:41:32,18:41:32,147
E063,2025-05-17,01:48:14,07:48:14,148
E063,2025-05-26,15:15:05,23:15:05,50
E063,2025-05-24,08:52:50,14:52:50,104
E063,2025-05-19,05:19:53,12:19:53,141
E063,2025-05-30,23:27:22,05:27:22,118
E063,2025-05-17,03:41:30,11:41:30,54
E063,2025-05-08,04:46:12,11:46:12,52
E063,2025-05-23,18:33:38,00:33:38,72
E064,2025-06-01,07:55:00,13:55:00,102
E064,2025-05-08,02:42:08,08:42:08,123
E064,2025-05-10,08:04:30,15:04:30,132
E064,2025-06-02,17:40:48,23:40:48,134
E064,2025-05-13,13:14:49,20:14:49,122
E064,2025-05-14,08:12:42,15:12:42,50
E064,2025-05-27,13:42:02,21:42:02,94
E064,2025-05-31,08:08:19,14:08:19,53
E064,2025-06-02,00:10:51,07:10:51,114
E064,2025-06-05,03:53:25,09:53:25,81
E065,2025-05-30,20:33:23,03:33:23,141
E065,2025-05-28,00:37:54,08:37:54,121
E065,2025-05-27,00:12:11,08:12:11,75
E065,2025-05-25,09:04:21,16:04:21,83
E065,2025-05-19,01:58:48,08:58:48,52
E065,2025-05-08,11:41:30,19:41:30,99
E065,2025-05-24,02:24:45,11:24:45,114
E065,2025-06-02,17:52:21,00:52:21,54
E065,2025-05-25,14:21:20,21:21:20,143
E065,2025-06-05,05:46:10,13:46:10,106
E066,2025-06-02,18:00:48,00:00:48,96
E066,2025-06-02,19:33:03,03:33:03,128
E066,2025-05-12,04:59:19,10:59:19,134
E066,2025-05-28,12:45:19,19:45:19,115
E066,2025-05-08,08:31:01,16:31:01,100
E066,2025-06-04,13:58:36,21:58:36,87
E066,2025-05-14,10:28:35,19:28:35,147
E066,2025-05-08,08:44:37,15:44:37,99
E066,2025-05-23,18:01:58,01:01:58,131
E066,2025-06-03,19:12:09,02:12:09,128
E067,2025-05-13,06:13:04,14:13:04,100
E067,2025-05-13,05:46:32,13:46:32,147
E067,2025-05-31,20:41:50,05:41:50,87
E067,2025-05-09,13:45:57,19:45:57,137
E067,2025-05-27,19:41:24,03:41:24,79
E067,2025-05-23,06:28:12,14:28:12,100
E068,2025-05-16,17:03:13,23:03:13,54
E068,2025-05-29,06:00:56,12:00:56,53
E068,2025-06-04,12:10:02,19:10:02,105
E068,2025-05-11,00:55:51,06:55:51,123
E068,2025-05-17,00:18:09,06:18:09,133
E068,2025-05-16,23:28:16,08:28:16,118
E068,2025-05-26,11:49:54,18:49:54,55
E069,2025-05-18,00:18:32,06:18:32,115
E069,2025-06-01,12:31:04,18:31:04,92
E069,2025-05-15,12:17:33,21:17:33,124
E069,2025-05-21,09:01:09,17:01:09,72
E069,2025-05-28,08:03:43,16:03:43,129
E069,2025-05-09,10:45:39,18:45:39,124
E069,2025-05-29,07:18:05,14:18:05,65
E069,2025-05-10,11:56:41,20:56:41,53
E070,2025-05-19,06:45:49,15:45:49,53
E070,2025-05-21,08:23:17,17:23:17,74
E070,2025-05-20,15:12:44,23:12:44,145
E070,2025-05-09,04:19:56,12:19:56,76
E070,2025-05-17,13:39:59,19:39:59,81
E071,2025-05-19,19:46:29,02:46:29,110
E071,2025-05-28,12:49:07,19:49:07,100
E071,2025-05-24,01:08:19,09:08:19,70
E071,2025-05-23,03:27:20,09:27:20,131
E071,2025-05-10,08:38:39,17:38:39,91
E071,2025-05-24,22:29:35,04:29:35,71
E071,2025-05-15,11:08:29,17:08:29,119
E071,2025-05-25,07:52:56,13:52:56,54
E071,2025-06-03,17:31:06,23:31:06,61
E071,2025-05-25,03:43:17,10:43:17,95
E072,2025-05-13,21:12:04,04:12:04,98
E072,2025-05-28,21:08:44,04:08:44,139
E072,2025-05-13,05:06:07,11:06:07,76
E072,2025-05-22,01:02:42,07:02:42,75
E072,2025-05-27,23:02:30,05:02:30,96
E072,2025-05-24,21:25:02,03:25:02,135
E072,2025-05-19,09:07:18,17:07:18,105
E073,2025-05-23,17:21:34,00:21:34,112
E073,2025-05-21,10:37:49,19:37:49,110
E073,2025-05-18,21:55:11,03:55:11,75
E073,2025-05-12,18:12:42,03:12:42,50
E073,2025-05-20,04:14:56,13:14:56,148
E073,2025-05-10,18:59:40,00:59:40,101
E073,2025-06-05,18:09:20,02:09:20,96
E073,2025-05-08,12:55:08,20:55:08,105
E073,2025-05-14,18:26:34,01:26:34,63
E074,2025-05-24,09:18:13,16:18:13,77
E074,2025-06-04,06:32:11,14:32:11,127
E074,2025-05-27,19:15:39,04:15:39,51
E074,2025-05-28,21:08:05,03:08:05,75
E074,2025-06-01,06:11:20,13:11:20,108
E074,2025-06-02,04:33:18,13:33:18,56
E074,2025-05-11,12:17:06,20:17:06,72
E075,2025-05-28,03:32:18,10:32:18,67
E075,2025-05-15,18:03:38,01:03:38,87
E075,2025-05-25,20:49:33,04:49:33,64
E075,2025-05-18,22:03:36,07:03:36,138
E075,2025-05-29,17:58:32,01:58:32,77
E075,2025-05-08,19:58:31,02:58:31,88
E075,2025-05-16,03:44:44,09:44:44,66
E075,2025-05-21,15:40:50,23:40:50,135
E075,2025-05-16,04:35:31,11:35:31,93
E075,2025-05-22,12:42:43,18:42:43,66
E076,2025-05-15,03:52:14,09:52:14,133
E076,2025-05-23,04:07:35,10:07:35,117
E076,2025-05-08,22:58:48,05:58:48,116
E076,2025-05-22,07:38:42,13:38:42,67
E076,2025-05-26,09:26:54,17:26:54,149
E077,2025-05-26,23:09:42,07:09:42,135
E077,2025-05-23,13:10:24,20:10:24,57
E077,2025-05-19,12:36:17,21:36:17,132
E077,2025-05-09,21:00:58,04:00:58,90
E077,2025-05-18,11:32:55,17:32:55,55
E077,2025-05-16,18:21:33,03:21:33,75
E077,2025-05-20,01:43:01,10:43:01,147
E077,2025-05-26,17:15:28,01:15:28,105
E077,2025-05-11,18:36:59,02:36:59,119
E077,2025-05-21,17:39:02,23:39:02,82
E078,2025-05-26,08:04:49,14:04:49,71
E078,2025-05-31,08:27:30,14:27:30,119
E078,2025-06-03,13:49:37,20:49:37,53
E078,2025-06-03,01:38:30,08:38:30,124
E078,2025-05-18,10:32:17,17:32:17,111
E078,2025-05-12,04:25:05,11:25:05,144
E078,2025-05-20,23:08:09,08:08:09,104
E079,2025-05-23,19:41:42,01:41:42,52
E079,2025-05-28,03:32:35,11:32:35,80
E079,2025-05-31,11:30:26,20:30:26,85
E079,2025-06-03,04:25:09,13:25:09,144
E079,2025-05-09,17:49:10,00:49:10,115
E079,2025-05-29,04:44:09,13:44:09,141
E079,2025-06-02,22:10:34,06:10:34,53
E079,2025-05-13,07:13:44,15:13:44,55
E079,2025-05-24,21:35:24,04:35:24,143
E080,2025-05-20,11:15:59,20:15:59,100
E080,2025-05-16,14:43:29,21:43:29,106
E080,2025-05-08,05:59:24,12:59:24,128
E080,2025-05-14,21:00:39,05:00:39,57
E080,2025-05-15,13:48:26,20:48:26,100
E080,2025-05-23,05:37:16,11:37:16,93
E080,2025-06-01,15:31:04,21:31:04,119
E081,2025-05-16,12:23:31,19:23:31,117
E081,2025-05-14,05:00:27,13:00:27,133
E081,2025-05-30,01:17:38,07:17:38,69
E081,2025-05-13,14:18:52,20:18:52,61
E081,2025-05-10,20:18:01,04:18:01,50
E081,2025-06-05,21:00:29,04:00:29,63
E081,2025-05-20,04:09:08,13:09:08,87
E081,2025-05-27,22:23:03,04:23:03,60
E081,2025-05-13,10:24:32,18:24:32,149
E081,2025-06-05,09:17:16,15:17:16,52
E082,2025-05-24,11:21:38,17:21:38,55
E082,2025-05-27,08:55:08,15:55:08,59
E082,2025-05-21,04:14:47,10:14:47,72
E082,2025-05-08,05:33:21,12:33:21,93
E082,2025-06-04,19:58:17,02:58:17,62
E082,2025-05-16,05:25:35,14:25:35,51
E082,2025-05-15,08:18:35,17:18:35,114
E082,2025-05-18,17:51:59,01:51:59,122
E083,2025-06-05,11:08:28,17:08:28,58
E083,2025-06-04,15:23:44,23:23:44,64
E083,2025-05-25,07:22:56,16:22:56,87
E083,2025-05-10,17:41:46,01:41:46,84
E083,2025-05-12,20:44:51,03:44:51,144
E083,2025-05-31,00:09:05,06:09:05,118
E083,2025-05-28,15:39:29,22:39:29,109
E084,2025-05-18,11:06:04,20:06:04,99
E084,2025-05-22,16:32:16,23:32:16,124
E084,2025-05-25,16:01:54,22:01:54,83
E084,2025-05-13,03:19:43,12:19:43,148
E084,2025-05-17,18:28:59,02:28:59,50
E084,2025-05-17,02:26:57,11:26:57,113
E084,2025-06-03,00:48:13,07:48:13,109
E084,2025-05-28,02:46:23,11:46:23,142
E085,2025-05-11,17:46:22,02:46:22,60
E085,2025-05-30,03:08:07,09:08:07,63
E085,2025-06-03,05:27:43,14:27:43,79
E085,2025-05-19,12:00:59,20:00:59,134
E085,2025-06-04,14:11:48,20:11:48,54
E085,2025-05-17,03:26:43,11:26:43,127
E085,2025-05-28,09:40:01,16:40:01,111
E085,2025-05-20,08:09:42,17:09:42,138
E085,2025-05-15,19:18:27,01:18:27,91
E085,2025-05-09,06:09:14,12:09:14,67
E086,2025-05-10,01:43:42,10:43:42,121
E086,2025-05-20,23:21:51,07:21:51,63
E086,2025-05-25,00:28:45,09:28:45,100
E086,2025-05-26,00:10:51,06:10:51,87
E086,2025-05-12,01:33:53,07:33:53,72
E086,2025-06-04,16:36:12,00:36:12,64
E086,2025-05-27,11:52:26,17:52:26,74
E087,2025-05-15,22:53:38,04:53:38,146
E087,2025-05-22,07:55:38,15:55:38,115
E087,2025-06-03,07:57:48,14:57:48,102
E087,2025-05-31,09:26:22,18:26:22,100
E087,2025-05-13,15:42:50,23:42:50,100
E087,2025-05-19,09:13:05,16:13:05,55
E087,2025-05-16,01:34:22,09:34:22,56
E087,2025-06-04,03:40:27,11:40:27,121
E087,2025-05-22,01:43:28,08:43:28,113
E088,2025-05-26,06:23:15,15:23:15,64
E088,2025-06-02,11:39:47,19:39:47,78
E088,2025-05-30,06:52:59,12:52:59,143
E088,2025-06-01,16:20:57,00:20:57,76
E088,2025-05-11,08:56:50,17:56:50,78
E088,2025-05-27,12:20:22,19:20:22,106
E089,2025-05-17,17:38:43,23:38:43,76
E089,2025-05-10,23:28:14,07:28:14,82
E089,2025-05-11,20:12:35,03:12:35,117
E089,2025-05-30,15:12:12,22:12:12,115
E089,2025-05-23,15:22:47,22:22:47,54
E089,2025-05-24,14:34:09,22:34:09,123
E090,2025-05-30,23:24:36,05:24:36,87
E090,2025-05-31,15:09:27,21:09:27,80
E090,2025-06-01,17:58:29,01:58:29,149
E090,2025-05-25,21:18:09,03:18:09,137
E090,2025-05-18,00:24:37,09:24:37,105
E090,2025-05-23,05:20:45,13:20:45,78
E090,2025-05-16,04:10:30,13:10:30,54
E090,2025-05-31,04:47:33,10:47:33,96
E091,2025-06-04,08:52:13,17:52:13,125
E091,2025-05-28,06:39:03,12:39:03,51
E091,2025-05-31,09:24:03,17:24:03,144
E091,2025-05-10,07:28:04,15:28:04,85
E091,2025-05-22,08:21:40,17:21:40,75
E091,2025-05-18,09:56:04,17:56:04,76
E091,2025-05-19,22:25:49,04:25:49,69
E091,2025-05-11,07:39:47,15:39:47,123
E091,2025-05-18,01:08:11,10:08:11,87
E091,2025-06-03,08:47:45,15:47:45,121
E092,2025-05-26,19:35:16,03:35:16,96
E092,2025-05-08,22:32:30,05:32:30,95
E092,2025-05-16,22:14:52,06:14:52,61
E092,2025-05-31,17:24:38,00:24:38,62
E092,2025-05-15,12:35:09,21:35:09,111
E092,2025-05-29,23:56:19,06:56:19,138
E092,2025-05-25,09:30:12,15:30:12,109
E092,2025-05-11,16:56:08,00:56:08,125
E093,2025-06-01,06:33:02,15:33:02,149
E093,2025-05-11,20:35:10,05:35:10,117
E093,2025-06-04,02:07:40,08:07:40,86
E093,2025-06-04,08:43:51,17:43:51,141
E093,2025-05-15,12:17:22,20:17:22,58
E093,2025-05-22,16:05:56,23:05:56,100
E093,2025-05-14,07:04:30,13:04:30,127
E093,2025-06-04,12:49:26,21:49:26,90
E093,2025-06-03,22:02:34,05:02:34,60
E093,2025-05-22,01:25:48,09:25:48,50
E094,2025-05-27,05:04:01,12:04:01,70
E094,2025-05-08,06:21:30,13:21:30,85
E094,2025-05-29,21:23:22,04:23:22,136
E094,2025-06-03,18:14:55,00:14:55,50
E094,2025-05-11,14:16:41,22:16:41,103
E094,2025-05-15,21:32:01,05:32:01,89
E094,2025-05-14,01:58:12,09:58:12,70
E094,2025-05-14,21:57:24,05:57:24,122
E094,2025-05-31,20:16:33,02:16:33,58
E094,2025-06-01,03:47:48,10:47:48,101
E095,2025-05-29,04:18:31,10:18:31,75
E095,2025-06-01,02:36:10,08:36:10,84
E095,2025-05-18,03:00:32,11:00:32,74
E095,2025-05-18,20:54:49,03:54:49,124
E095,2025-05-08,03:52:47,10:52:47,51
E095,2025-05-29,17:19:37,01:19:37,131
E096,2025-05-29,18:45:05,02:45:05,83
E096,2025-06-02,09:18:16,17:18:16,66
E096,2025-05-08,10:45:36,19:45:36,92
E096,2025-05-24,19:59:31,03:59:31,100
E096,2025-05-22,13:46:34,20:46:34,73
E096,2025-06-02,17:20:05,23:20:05,120
E096,2025-05-14,03:44:52,12:44:52,119
E096,2025-06-01,14:37:56,20:37:56,137
E096,2025-05-11,17:22:53,23:22:53,98
E097,2025-06-04,13:59:41,19:59:41,112
E097,2025-05-08,06:45:31,14:45:31,71
E097,2025-05-15,03:26:38,10:26:38,77
E097,2025-05-22,10:20:27,17:20:27,134
E097,2025-05-16,23:59:57,05:59:57,120
E097,2025-05-18,06:37:20,12:37:20,133
E097,2025-05-28,04:17:15,10:17:15,98
E097,2025-05-09,06:58:29,15:58:29,135
E097,2025-06-03,20:21:47,05:21:47,112
E098,2025-05-22,14:44:27,20:44:27,98
E098,2025-05-10,11:18:59,19:18:59,50
E098,2025-05-30,15:04:03,00:04:03,62
E098,2025-05-15,13:01:00,20:01:00,136
E098,2025-05-16,14:11:46,22:11:46,105
E098,2025-05-11,00:58:00,08:58:00,111
E098,2025-05-22,14:31:53,23:31:53,79
E099,2025-05-22,06:34:57,12:34:57,98
E099,2025-05-20,03:58:40,09:58:40,142
E099,2025-06-05,19:38:44,02:38:44,65
E099,2025-05-22,19:01:12,04:01:12,68
E099,2025-05-25,17:58:54,00:58:54,50
E099,2025-05-30,20:56:21,03:56:21,96
E099,2025-05-23,00:51:12,07:51:12,115
E099,2025-05-20,22:48:29,05:48:29,141
E100,2025-05-17,13:37:19,19:37:19,143
E100,2025-06-03,02:36:51,09:36:51,100
E100,2025-05-20,08:10:58,16:10:58,53
E100,2025-06-05,11:25:35,17:25:35,57
E100,2025-05-13,04:23:44,10:23:44,104
E100,2025-06-05,10:12:57,18:12:57,52
E100,2025-06-05,10:24:44,19:24:44,59
E100,2025-05-13,13:47:41,20:47:41,132
E100,2025-05-09,23:30:45,06:30:45,83
E101,2025-05-22,18:58:16,03:58:16,146
E101,2025-05-30,01:39:41,09:39:41,104
E101,2025-05-26,10:17:09,19:17:09,81
E101,2025-05-10,23:57:14,06:57:14,56
E101,2025-05-27,07:32:02,13:32:02,57
E102,2025-05-28,22:53:33,04:53:33,106
E102,2025-05-23,23:06:23,07:06:23,116
E102,2025-05-29,18:17:54,03:17:54,136
E102,2025-05-19,19:09:13,03:09:13,121
E102,2025-05-28,18:51:22,01:51:22,116
E102,2025-05-26,07:50:35,15:50:35,146
E102,2025-05-14,11:42:56,20:42:56,57
E103,2025-05-14,00:18:30,07:18:30,84
E103,2025-05-19,05:10:47,14:10:47,137
E103,2025-05-21,02:29:37,09:29:37,81
E103,2025-06-03,21:08:48,06:08:48,95
E103,2025-05-22,03:04:31,11:04:31,65
E103,2025-05-24,20:08:54,05:08:54,86
E103,2025-05-26,23:51:47,06:51:47,134
E104,2025-05-13,07:52:16,14:52:16,144
E104,2025-05-27,12:15:06,20:15:06,97
E104,2025-05-08,11:55:18,18:55:18,56
E104,2025-05-29,19:06:57,02:06:57,56
E104,2025-05-23,10:46:47,16:46:47,72
E104,2025-06-03,07:03:52,13:03:52,68
E105,2025-06-02,02:50:06,11:50:06,68
E105,2025-06-04,10:07:13,19:07:13,78
E105,2025-05-30,09:55:57,18:55:57,131
E105,2025-05-10,11:43:04,18:43:04,50
E105,2025-05-15,11:49:54,19:49:54,118
E105,2025-05-18,19:40:27,04:40:27,60
E105,2025-05-27,04:50:49,11:50:49,51
E105,2025-05-31,22:24:33,06:24:33,136
E106,2025-05-19,21:20:40,05:20:40,61
E106,2025-05-08,05:16:50,14:16:50,54
E106,2025-05-29,13:52:53,19:52:53,87
E106,2025-05-28,04:27:08,13:27:08,143
E106,2025-05-30,22:47:52,04:47:52,147
E106,2025-05-21,17:06:58,23:06:58,93
E106,2025-05-15,22:16:39,06:16:39,135
E106,2025-05-08,16:39:50,01:39:50,73
E106,2025-05-29,18:59:39,00:59:39,123
E107,2025-05-27,16:25:51,23:25:51,108
E107,2025-05-16,09:37:25,16:37:25,136
E107,2025-05-16,03:56:28,12:56:28,145
E107,2025-05-30,04:10:40,10:10:40,130
E107,2025-05-30,14:20:52,21:20:52,58
E107,2025-05-15,08:05:04,17:05:04,115
E107,2025-05-22,09:25:25,15:25:25,74
E107,2025-05-15,11:18:10,19:18:10,122
E107,2025-05-11,19:32:34,02:32:34,71
E108,2025-05-13,11:58:59,19:58:59,53
E108,2025-05-25,05:54:28,12:54:28,107
E108,2025-05-31,18:47:14,00:47:14,147
E108,2025-05-23,07:15:27,15:15:27,86
E108,2025-05-31,15:51:50,23:51:50,119
E108,2025-06-05,14:00:35,21:00:35,134
E108,2025-05-26,06:06:29,13:06:29,149
E108,2025-05-30,05:08:51,11:08:51,87
E108,2025-05-19,06:51:54,13:51:54,66
E108,2025-05-21,21:28:57,03:28:57,74
E109,2025-05-16,17:29:57,00:29:57,125
E109,2025-05-14,18:31:11,02:31:11,135
E109,2025-06-01,04:55:34,10:55:34,76
E109,2025-06-04,09:56:47,15:56:47,80
E109,2025-05-08,03:13:01,10:13:01,140
E109,2025-05-26,23:31:19,08:31:19,147
E109,2025-06-02,02:33:38,11:33:38,102
E110,2025-05-24,21:02:07,05:02:07,59
E110,2025-05-27,08:45:26,14:45:26,66
E110,2025-05-12,04:21:05,11:21:05,134
E110,2025-06-04,14:19:59,23:19:59,111
E110,2025-06-01,21:37:44,04:37:44,95
E110,2025-06-03,08:24:24,17:24:24,51
E110,2025-06-05,03:50:48,12:50:48,103
E110,2025-05-30,21:32:25,05:32:25,114
E111,2025-06-05,13:58:29,21:58:29,102
E111,2025-05-18,02:36:37,11:36:37,75
E111,2025-05-30,23:57:21,05:57:21,70
E111,2025-05-21,16:18:30,00:18:30,89
E111,2025-05-12,11:35:08,19:35:08,85
E111,2025-05-23,16:52:06,22:52:06,108
E111,2025-05-10,21:37:43,05:37:43,148
E111,2025-05-18,08:47:12,15:47:12,147
E112,2025-05-08,08:24:22,16:24:22,73
E112,2025-05-10,02:21:22,09:21:22,71
E112,2025-05-16,12:26:42,18:26:42,105
E112,2025-06-05,12:33:22,18:33:22,85
E112,2025-05-22,08:59:07,16:59:07,69
E112,2025-05-28,04:15:56,12:15:56,148
E112,2025-05-09,01:26:57,10:26:57,130
E112,2025-05-28,18:53:43,01:53:43,147
E113,2025-05-28,20:17:23,02:17:23,75
E113,2025-05-12,06:15:08,13:15:08,122
E113,2025-05-29,08:04:53,14:04:53,89
E113,2025-05-15,01:53:45,07:53:45,50
E113,2025-06-04,02:19:25,08:19:25,110
E113,2025-06-04,17:53:00,01:53:00,91
E113,2025-06-02,11:49:36,17:49:36,88
E113,2025-05-22,23:15:52,07:15:52,52
E113,2025-06-01,03:48:53,10:48:53,93
E113,2025-06-01,17:24:09,01:24:09,143
E114,2025-05-15,23:48:09,06:48:09,147
E114,2025-06-04,23:31:33,08:31:33,68
E114,2025-06-05,02:16:24,08:16:24,93
E114,2025-05-15,23:17:12,07:17:12,98
E114,2025-05-24,06:20:29,12:20:29,66
E114,2025-05-19,20:58:29,03:58:29,106
E115,2025-05-27,17:15:58,01:15:58,96
E115,2025-05-30,14:02:06,23:02:06,111
E115,2025-05-19,19:24:48,04:24:48,137
E115,2025-05-25,15:10:09,23:10:09,57
E115,2025-05-13,13:42:17,21:42:17,70
E115,2025-06-03,02:26:59,08:26:59,136
E115,2025-05-26,22:11:27,04:11:27,129
E115,2025-06-01,09:46:37,16:46:37,121
E115,2025-06-02,20:40:43,02:40:43,131
E116,2025-05-11,17:46:01,23:46:01,61
E116,2025-05-11,02:04:29,10:04:29,108
E116,2025-05-24,12:28:59,19:28:59,75
E116,2025-05-12,20:02:36,04:02:36,81
E116,2025-05-21,03:42:09,10:42:09,65
E116,2025-05-29,08:55:40,16:55:40,66
E116,2025-06-01,07:59:27,15:59:27,75
E116,2025-06-02,21:08:49,03:08:49,135
E117,2025-05-27,11:45:59,18:45:59,56
E117,2025-05-21,03:19:54,10:19:54,128
E117,2025-05-10,21:35:09,03:35:09,56
E117,2025-05-11,21:33:17,03:33:17,97
E117,2025-05-30,05:34:01,14:34:01,108
E117,2025-05-16,12:22:11,20:22:11,142
E117,2025-05-19,01:50:26,08:50:26,144
E117,2025-05-17,00:42:07,07:42:07,88
E117,2025-05-20,16:50:41,00:50:41,67
E117,2025-05-19,21:22:20,05:22:20,66
E118,2025-05-11,14:27:45,21:27:45,80
E118,2025-05-27,17:40:07,02:40:07,148
E118,2025-05-21,19:13:21,04:13:21,109
E118,2025-05-24,10:18:55,16:18:55,147
E118,2025-05-08,20:03:43,04:03:43,86
E118,2025-05-27,06:01:56,14:01:56,89
E119,2025-05-27,22:34:53,05:34:53,104
E119,2025-05-15,17:38:22,01:38:22,88
E119,2025-05-18,18:59:39,02:59:39,53
E119,2025-05-17,16:43:06,22:43:06,135
E119,2025-06-04,17:14:33,23:14:33,62
E119,2025-05-15,23:46:02,06:46:02,82
E119,2025-05-16,19:43:29,04:43:29,91
E119,2025-05-18,19:28:18,04:28:18,115
E119,2025-05-15,18:25:39,02:25:39,148
E119,2025-06-05,21:05:29,04:05:29,83
E120,2025-05-08,10:13:13,17:13:13,62
E120,2025-05-16,20:24:46,02:24:46,67
E120,2025-05-11,07:36:46,16:36:46,145
E120,2025-05-14,10:03:33,18:03:33,88
E120,2025-05-15,12:43:30,19:43:30,78
E121,2025-05-22,11:23:22,18:23:22,142
E121,2025-05-08,04:46:47,11:46:47,106
E121,2025-05-20,17:52:13,02:52:13,105
E121,2025-05-22,12:50:36,21:50:36,59
E121,2025-05-31,14:18:12,21:18:12,74
E121,2025-05-15,02:23:16,10:23:16,133
E121,2025-05-24,00:33:59,06:33:59,114
E122,2025-05-27,08:15:32,15:15:32,98
E122,2025-05-24,23:15:26,07:15:26,94
E122,2025-05-24,13:10:17,20:10:17,79
E122,2025-05-20,08:54:42,15:54:42,117
E122,2025-05-20,04:59:18,11:59:18,111
E122,2025-05-25,01:33:09,07:33:09,74
E122,2025-06-02,23:26:50,08:26:50,114
E122,2025-05-19,13:52:22,19:52:22,128
E122,2025-06-02,21:01:50,03:01:50,64
E123,2025-06-05,04:20:29,10:20:29,137
E123,2025-05-22,14:00:23,23:00:23,61
E123,2025-05-26,18:33:20,02:33:20,86
E123,2025-06-04,10:37:46,16:37:46,92
E123,2025-05-29,07:09:47,16:09:47,119
E123,2025-06-04,06:06:15,14:06:15,105
E123,2025-06-01,01:05:14,09:05:14,95
E123,2025-06-01,18:51:22,03:51:22,60
E123,2025-05-16,17:41:44,00:41:44,126
E123,2025-05-26,16:09:47,23:09:47,74
E124,2025-05-29,18:13:35,02:13:35,101
E124,2025-05-20,03:44:12,12:44:12,108
E124,2025-05-24,21:42:43,06:42:43,69
E124,2025-05-29,19:36:15,01:36:15,112
E124,2025-05-11,13:06:21,20:06:21,123
E124,2025-05-30,16:17:18,00:17:18,147
E124,2025-05-18,09:04:44,15:04:44,139
E124,2025-05-28,23:10:02,05:10:02,52
E124,2025-05-26,16:20:30,01:20:30,55
E124,2025-05-10,03:39:04,09:39:04,54
E125,2025-05-09,17:18:47,00:18:47,96
E125,2025-05-16,12:59:11,20:59:11,98
E125,2025-05-16,13:17:39,19:17:39,148
E125,2025-05-15,09:23:02,18:23:02,110
E125,2025-05-21,14:37:48,22:37:48,84
E125,2025-05-28,17:26:04,00:26:04,131
E125,2025-05-20,06:49:56,13:49:56,66
E125,2025-05-15,09:57:17,18:57:17,52
E125,2025-05-24,20:38:28,05:38:28,148
E126,2025-05-18,22:48:11,05:48:11,62
E126,2025-05-19,19:43:54,04:43:54,138
E126,2025-05-24,14:57:55,20:57:55,117
E126,2025-05-14,16:12:29,23:12:29,147
E126,2025-06-05,05:23:09,13:23:09,105
E126,2025-05-19,09:01:31,17:01:31,141
E126,2025-05-31,10:12:22,16:12:22,58
E127,2025-05-17,11:06:38,19:06:38,74
E127,2025-06-02,06:06:34,13:06:34,125
E127,2025-06-02,10:59:29,17:59:29,58
E127,2025-05-22,14:23:50,22:23:50,89
E127,2025-06-01,17:21:10,23:21:10,54
E128,2025-05-09,17:41:00,01:41:00,108
E128,2025-05-14,07:19:07,14:19:07,137
E128,2025-05-15,10:52:36,19:52:36,128
E128,2025-05-13,19:19:45,02:19:45,121
E128,2025-05-31,01:08:42,09:08:42,54
E128,2025-06-05,05:37:21,14:37:21,139
E129,2025-05-17,17:12:08,00:12:08,119
E129,2025-05-25,00:54:22,06:54:22,109
E129,2025-05-22,00:27:28,09:27:28,126
E129,2025-05-31,23:01:27,08:01:27,118
E129,2025-05-23,16:06:11,22:06:11,130
E129,2025-05-15,00:57:29,07:57:29,89
E129,2025-06-02,15:12:24,21:12:24,145
E129,2025-06-01,11:14:37,18:14:37,142
E129,2025-05-21,20:17:34,04:17:34,107
E129,2025-05-12,03:23:05,11:23:05,105
E130,2025-05-09,19:53:28,04:53:28,147
E130,2025-06-01,16:23:41,01:23:41,140
E130,2025-05-31,09:12:59,15:12:59,82
E130,2025-05-23,01:55:03,08:55:03,137
E130,2025-05-16,06:09:23,14:09:23,129
E130,2025-05-15,15:53:15,00:53:15,141
E130,2025-06-04,14:57:09,20:57:09,108
E131,2025-05-08,04:32:05,12:32:05,97
E131,2025-05-16,17:50:08,23:50:08,62
E131,2025-05-20,22:27:32,06:27:32,94
E131,2025-06-02,09:57:56,15:57:56,102
E131,2025-05-23,16:37:44,23:37:44,149
E131,2025-05-17,04:22:08,12:22:08,76
E132,2025-05-12,20:03:41,03:03:41,109
E132,2025-05-20,07:54:25,15:54:25,54
E132,2025-06-01,02:45:53,10:45:53,94
E132,2025-05-31,11:33:20,18:33:20,80
E132,2025-05-28,11:38:41,19:38:41,91
E132,2025-05-16,17:31:09,00:31:09,81
E133,2025-05-27,20:22:47,04:22:47,102
E133,2025-05-15,15:24:29,22:24:29,88
E133,2025-05-09,09:54:50,17:54:50,131
E133,2025-05-22,13:21:32,22:21:32,51
E133,2025-05-18,07:17:59,14:17:59,126
E133,2025-05-11,23:18:45,05:18:45,61
E134,2025-05-08,14:14:24,22:14:24,115
E134,2025-05-21,08:29:47,17:29:47,62
E134,2025-05-26,11:24:33,18:24:33,76
E134,2025-05-13,20:08:33,02:08:33,66
E134,2025-06-05,13:43:55,22:43:55,144
E135,2025-06-03,19:39:05,02:39:05,109
E135,2025-05-09,19:14:08,04:14:08,137
E135,2025-05-16,07:15:39,13:15:39,84
E135,2025-05-30,19:12:37,04:12:37,119
E135,2025-05-29,21:24:14,05:24:14,79
E136,2025-05-11,00:02:04,08:02:04,123
E136,2025-05-19,20:04:20,02:04:20,145
E136,2025-05-19,11:09:41,18:09:41,112
E136,2025-05-14,18:23:58,03:23:58,109
E136,2025-05-30,07:59:18,15:59:18,143
E136,2025-06-03,00:21:41,06:21:41,142
E137,2025-05-28,16:30:12,23:30:12,117
E137,2025-05-30,17:41:55,02:41:55,145
E137,2025-05-08,17:01:59,02:01:59,117
E137,2025-05-09,06:25:13,14:25:13,113
E137,2025-05-25,14:49:46,20:49:46,61
E137,2025-05-31,11:18:17,18:18:17,66
E137,2025-05-09,18:59:30,01:59:30,114
E137,2025-05-17,01:04:03,08:04:03,139
E138,2025-05-28,23:54:32,08:54:32,131
E138,2025-05-16,07:15:30,14:15:30,63
E138,2025-05-25,15:33:45,00:33:45,96
E138,2025-05-19,13:23:20,19:23:20,125
E138,2025-05-29,01:20:10,10:20:10,148
E138,2025-05-31,23:10:37,08:10:37,125
E138,2025-05-22,07:41:15,15:41:15,78
E138,2025-05-14,16:47:40,00:47:40,82
E138,2025-05-11,12:52:43,19:52:43,128
E139,2025-05-24,13:23:42,22:23:42,100
E139,2025-05-12,17:47:42,01:47:42,107
E139,2025-06-03,01:18:28,09:18:28,75
E139,2025-05-21,07:45:38,14:45:38,95
E139,2025-05-21,20:37:03,03:37:03,78
E140,2025-05-09,18:31:18,03:31:18,130
E140,2025-05-28,10:42:02,18:42:02,62
E140,2025-05-23,09:03:27,15:03:27,88
E140,2025-05-30,01:49:18,09:49:18,78
E140,2025-05-18,23:42:57,05:42:57,124
E140,2025-05-23,09:46:17,18:46:17,81
E140,2025-05-14,06:18:33,13:18:33,96
E140,2025-05-29,15:27:51,22:27:51,133
E141,2025-05-11,11:01:36,18:01:36,124
E141,2025-05-19,00:58:24,08:58:24,116
E141,2025-05-21,23:59:35,05:59:35,105
E141,2025-05-10,09:34:21,18:34:21,142
E141,2025-05-28,03:24:57,09:24:57,96
E141,2025-06-01,16:03:18,01:03:18,108
E141,2025-05-29,01:10:17,10:10:17,55
E141,2025-05-28,17:23:28,01:23:28,106
E142,2025-05-27,00:12:17,06:12:17,52
E142,2025-05-20,16:20:51,00:20:51,50
E142,2025-05-21,11:11:58,18:11:58,87
E142,2025-05-15,19:32:23,03:32:23,83
E142,2025-05-28,07:17:49,13:17:49,84
E142,2025-05-12,06:35:24,15:35:24,74
E142,2025-06-04,08:02:15,17:02:15,61
E142,2025-05-15,02:45:03,09:45:03,64
E142,2025-05-28,13:10:02,22:10:02,129
E142,2025-05-24,02:04:35,10:04:35,121
E143,2025-05-13,19:49:22,04:49:22,95
E143,2025-05-30,18:59:46,00:59:46,66
E143,2025-06-05,07:40:07,13:40:07,102
E143,2025-05-14,08:41:23,17:41:23,128
E143,2025-05-14,17:41:57,01:41:57,95
E143,2025-05-14,14:13:19,21:13:19,120
E143,2025-05-15,01:27:10,09:27:10,142
E143,2025-06-05,03:30:15,12:30:15,93
E143,2025-06-03,15:48:58,21:48:58,73
E144,2025-05-24,06:52:58,15:52:58,52
E144,2025-05-24,19:31:54,04:31:54,95
E144,2025-06-02,03:50:51,11:50:51,74
E144,2025-06-04,23:31:08,06:31:08,127
E144,2025-05-14,02:59:20,10:59:20,66
E144,2025-05-30,19:11:15,02:11:15,133
E145,2025-06-03,07:08:07,16:08:07,58
E145,2025-05-26,06:58:44,13:58:44,97
E145,2025-05-17,07:20:07,13:20:07,109
E145,2025-05-21,04:17:02,12:17:02,135
E145,2025-06-05,21:04:27,04:04:27,51
E145,2025-05-08,02:53:25,11:53:25,121
E145,2025-05-10,19:38:23,03:38:23,113
E145,2025-05-19,00:41:43,06:41:43,130
E145,2025-06-02,17:03:17,02:03:17,70
E145,2025-05-21,19:21:53,02:21:53,143
E146,2025-06-03,10:34:19,19:34:19,131
E146,2025-06-05,14:31:10,21:31:10,144
E146,2025-06-01,12:03:43,19:03:43,81
E146,2025-05-17,21:56:36,05:56:36,94
E146,2025-06-01,07:38:47,13:38:47,82
E146,2025-05-21,22:10:05,07:10:05,90
E146,2025-05-09,08:44:18,17:44:18,60
E146,2025-06-02,16:09:38,23:09:38,100
E146,2025-06-04,04:32:12,13:32:12,90
E146,2025-05-28,05:10:57,11:10:57,125
E147,2025-05-17,01:11:15,07:11:15,95
E147,2025-05-29,00:08:54,09:08:54,128
E147,2025-05-10,17:21:49,02:21:49,103
E147,2025-05-23,01:51:13,08:51:13,141
E147,2025-05-14,21:07:05,06:07:05,82
E147,2025-05-26,05:13:19,12:13:19,89
E147,2025-05-18,03:00:33,12:00:33,146
E147,2025-05-12,12:04:44,19:04:44,146
E148,2025-05-18,13:49:02,19:49:02,126
E148,2025-05-14,19:09:26,02:09:26,82
E148,2025-05-23,00:54:40,06:54:40,75
E148,2025-05-16,19:46:20,02:46:20,115
E148,2025-05-26,16:30:22,23:30:22,139
E148,2025-05-26,06:27:43,13:27:43,64
E148,2025-05-12,05:06:56,12:06:56,93
E148,2025-05-12,19:47:04,01:47:04,124
E149,2025-05-10,07:09:39,13:09:39,116
E149,2025-05-09,06:31:37,14:31:37,55
E149,2025-05-13,03:44:19,09:44:19,55
E149,2025-05-23,17:20:10,23:20:10,144
E149,2025-06-04,08:22:14,17:22:14,90
E149,2025-05-18,22:13:29,05:13:29,125
E149,2025-05-08,00:51:33,09:51:33,121
E149,2025-05-11,11:06:32,18:06:32,141
E150,2025-06-01,21:27:50,04:27:50,133
E150,2025-05-11,04:17:59,11:17:59,56
E150,2025-05-29,03:10:30,11:10:30,133
E150,2025-06-04,07:52:41,16:52:41,53
E150,2025-06-02,10:51:02,17:51:02,107
E150,2025-05-25,03:55:44,10:55:44,75
E151,2025-05-30,01:17:28,09:17:28,52
E151,2025-05-11,21:15:11,05:15:11,90
E151,2025-05-08,07:39:34,16:39:34,63
E151,2025-05-12,18:01:41,02:01:41,131
E151,2025-05-31,09:45:58,16:45:58,61
E151,2025-05-30,14:31:56,22:31:56,61
E152,2025-05-14,13:21:09,19:21:09,74
E152,2025-05-30,11:17:06,17:17:06,68
E152,2025-05-19,15:57:32,23:57:32,149
E152,2025-05-27,11:54:41,17:54:41,57
E152,2025-05-29,03:22:11,09:22:11,102
E152,2025-05-26,19:29:36,03:29:36,81
E152,2025-05-12,13:28:45,21:28:45,93
E152,2025-05-25,10:21:06,17:21:06,119
E152,2025-05-23,08:01:13,15:01:13,132
E152,2025-05-16,06:36:01,13:36:01,86
E153,2025-05-23,11:21:16,20:21:16,105
E153,2025-05-12,13:46:56,19:46:56,108
E153,2025-06-01,13:56:07,21:56:07,77
E153,2025-06-02,18:49:11,01:49:11,84
E153,2025-05-16,08:48:24,14:48:24,142
E153,2025-05-08,23:27:27,06:27:27,112
E153,2025-05-20,22:04:39,06:04:39,146
E153,2025-05-23,18:39:54,02:39:54,125
E153,2025-06-03,00:11:08,06:11:08,143
E153,2025-05-21,04:55:19,10:55:19,80
E154,2025-05-23,15:37:19,22:37:19,110
E154,2025-05-16,19:39:39,04:39:39,69
E154,2025-05-14,18:02:17,00:02:17,53
E154,2025-05-10,20:07:20,05:07:20,69
E154,2025-05-15,06:39:00,15:39:00,73
E155,2025-05-12,08:21:18,15:21:18,98
E155,2025-05-29,09:58:40,17:58:40,145
E155,2025-05-31,22:33:01,04:33:01,85
E155,2025-05-28,01:28:34,08:28:34,147
E155,2025-06-01,13:47:17,22:47:17,149
E156,2025-06-01,06:04:29,13:04:29,128
E156,2025-05-23,07:51:13,14:51:13,85
E156,2025-05-16,05:07:52,12:07:52,88
E156,2025-05-08,07:45:42,14:45:42,107
E156,2025-05-30,06:08:04,13:08:04,61
E156,2025-05-18,07:28:39,15:28:39,67
E156,2025-05-17,16:57:46,01:57:46,70
E156,2025-05-13,10:33:49,18:33:49,146
E157,2025-06-05,14:03:25,22:03:25,75
E157,2025-05-17,07:34:47,16:34:47,149
E157,2025-06-01,23:06:26,08:06:26,143
E157,2025-05-23,13:24:54,21:24:54,91
E157,2025-05-28,07:50:02,16:50:02,63
E157,2025-05-13,18:13:53,01:13:53,51
E158,2025-05-30,01:49:40,09:49:40,86
E158,2025-05-16,13:58:29,19:58:29,87
E158,2025-05-25,00:30:13,06:30:13,90
E158,2025-05-12,21:58:20,04:58:20,109
E158,2025-05-08,19:02:56,01:02:56,63
E158,2025-06-02,16:18:43,01:18:43,138
E159,2025-05-12,06:48:00,15:48:00,51
E159,2025-05-19,09:12:19,17:12:19,119
E159,2025-05-31,00:59:49,06:59:49,138
E159,2025-06-01,09:12:48,15:12:48,77
E159,2025-05-24,20:29:51,03:29:51,84
E159,2025-05-11,18:12:16,00:12:16,54
E159,2025-06-03,21:27:13,05:27:13,114
E159,2025-05-25,15:21:10,00:21:10,125
E159,2025-05-25,05:49:18,14:49:18,85
E159,2025-06-04,04:06:35,10:06:35,72
E160,2025-06-03,23:09:54,07:09:54,80
E160,2025-05-13,21:15:37,05:15:37,59
E160,2025-05-21,13:04:14,21:04:14,63
E160,2025-05-18,06:21:39,15:21:39,123
E160,2025-06-01,05:40:38,11:40:38,59
E160,2025-05-15,21:19:24,06:19:24,143
E160,2025-05-14,21:53:19,03:53:19,50
E160,2025-05-21,11:57:18,17:57:18,69
E160,2025-05-16,17:32:38,02:32:38,92
E161,2025-05-30,09:15:10,18:15:10,50
E161,2025-05-24,14:21:14,20:21:14,113
E161,2025-05-12,23:50:06,06:50:06,133
E161,2025-05-22,18:03:03,03:03:03,86
E161,2025-05-26,18:01:12,02:01:12,125
E161,2025-05-15,00:11:32,06:11:32,98
E161,2025-05-26,10:36:15,16:36:15,93
E161,2025-05-08,08:12:26,17:12:26,77
E162,2025-05-19,14:38:22,22:38:22,128
E162,2025-05-31,03:04:37,10:04:37,110
E162,2025-05-12,14:06:26,23:06:26,127
E162,2025-05-30,08:42:54,15:42:54,122
E162,2025-05-20,11:03:14,19:03:14,86
E163,2025-05-31,11:55:52,20:55:52,75
E163,2025-05-20,04:59:31,10:59:31,50
E163,2025-05-13,05:54:33,13:54:33,84
E163,2025-06-02,15:14:35,22:14:35,108
E163,2025-05-09,21:54:51,03:54:51,82
E163,2025-05-17,00:18:44,06:18:44,100
E163,2025-06-03,01:22:51,08:22:51,61
E163,2025-05-14,18:11:55,01:11:55,69
E163,2025-05-22,11:14:59,17:14:59,137
E164,2025-06-01,00:13:29,08:13:29,92
E164,2025-05-10,11:47:28,18:47:28,147
E164,2025-06-05,00:24:05,06:24:05,99
E164,2025-05-10,09:20:49,15:20:49,106
E164,2025-05-21,18:34:20,02:34:20,144
E164,2025-05-23,08:31:18,17:31:18,92
E165,2025-05-13,13:15:05,20:15:05,72
E165,2025-05-11,08:43:42,17:43:42,87
E165,2025-06-02,01:12:50,10:12:50,72
E165,2025-05-17,20:13:29,05:13:29,94
E165,2025-05-29,06:16:55,15:16:55,129
E166,2025-05-27,18:30:57,01:30:57,57
E166,2025-05-30,18:12:12,01:12:12,134
E166,2025-05-11,15:15:39,21:15:39,57
E166,2025-05-23,00:01:37,06:01:37,145
E166,2025-05-20,19:15:56,02:15:56,54
E166,2025-05-24,01:17:33,09:17:33,135
E166,2025-06-02,03:53:20,11:53:20,83
E166,2025-05-16,05:48:55,11:48:55,104
E167,2025-05-11,19:42:33,03:42:33,139
E167,2025-05-27,16:03:06,00:03:06,123
E167,2025-05-18,15:41:50,22:41:50,131
E167,2025-05-23,18:05:41,00:05:41,75
E167,2025-06-04,14:03:23,23:03:23,96
E167,2025-05-25,08:37:13,17:37:13,125
E168,2025-05-23,18:14:45,02:14:45,121
E168,2025-05-22,15:48:32,21:48:32,95
E168,2025-05-09,16:57:11,01:57:11,82
E168,2025-05-31,09:32:15,15:32:15,68
E168,2025-06-02,00:13:03,08:13:03,129
E168,2025-05-26,14:24:36,21:24:36,102
E168,2025-05-15,13:10:51,22:10:51,118
E168,2025-05-13,02:57:41,08:57:41,139
E169,2025-05-27,14:41:57,21:41:57,141
E169,2025-06-04,05:37:42,12:37:42,113
E169,2025-06-02,02:41:49,09:41:49,112
E169,2025-05-13,08:42:48,14:42:48,82
E169,2025-05-28,19:40:41,01:40:41,138
E169,2025-05-20,03:31:50,12:31:50,62
E169,2025-05-31,03:38:09,09:38:09,126
E169,2025-05-15,04:28:24,12:28:24,124
E169,2025-05-24,16:42:09,01:42:09,147
E169,2025-05-20,12:43:42,18:43:42,53
E170,2025-06-05,20:38:31,03:38:31,68
E170,2025-05-17,08:57:11,15:57:11,147
E170,2025-06-05,14:20:18,21:20:18,62
E170,2025-05-11,02:28:22,08:28:22,72
E170,2025-05-11,14:44:49,22:44:49,124
E170,2025-05-09,12:13:07,18:13:07,137
E170,2025-06-03,13:40:30,20:40:30,103
E170,2025-05-31,11:39:33,19:39:33,138
E170,2025-05-30,23:58:21,05:58:21,64
E171,2025-05-25,10:31:01,16:31:01,125
E171,2025-05-25,02:06:43,09:06:43,120
E171,2025-05-19,05:21:30,13:21:30,70
E171,2025-06-05,10:32:46,18:32:46,109
E171,2025-05-11,01:15:02,07:15:02,138
E171,2025-06-05,04:51:06,10:51:06,98
E171,2025-06-01,22:17:36,07:17:36,84
E171,2025-05-14,15:45:54,00:45:54,139
E171,2025-05-31,11:08:16,19:08:16,148
E172,2025-05-28,05:55:18,14:55:18,127
E172,2025-06-04,14:57:51,21:57:51,115
E172,2025-05-22,02:12:46,09:12:46,58
E172,2025-05-25,08:08:48,16:08:48,134
E172,2025-06-01,15:52:20,22:52:20,121
E172,2025-05-30,22:00:45,07:00:45,115
E172,2025-05-10,02:13:36,09:13:36,77
E172,2025-06-05,07:27:25,13:27:25,142
E172,2025-05-18,19:52:57,02:52:57,74
E173,2025-05-23,07:48:57,16:48:57,54
E173,2025-05-11,21:30:15,04:30:15,97
E173,2025-05-09,21:51:56,03:51:56,128
E173,2025-05-23,09:44:35,18:44:35,149
E173,2025-05-30,03:53:50,11:53:50,92
E173,2025-05-16,16:57:57,01:57:57,136
E173,2025-05-30,14:49:04,21:49:04,95
E174,2025-06-03,23:38:04,06:38:04,92
E174,2025-05-10,00:23:27,06:23:27,70
E174,2025-06-02,18:40:57,02:40:57,129
E174,2025-06-05,11:25:35,19:25:35,64
E174,2025-06-02,18:09:09,00:09:09,85
E174,2025-05-20,08:30:03,16:30:03,100
E174,2025-05-15,06:24:03,14:24:03,117
E174,2025-05-18,01:48:15,07:48:15,62
E175,2025-06-05,12:14:07,19:14:07,68
E175,2025-05-27,13:46:12,20:46:12,127
E175,2025-05-31,09:08:27,15:08:27,117
E175,2025-05-08,09:39:23,18:39:23,101
E175,2025-05-27,16:53:45,23:53:45,76
E175,2025-05-16,07:16:15,13:16:15,77
E175,2025-05-21,20:05:45,04:05:45,57
E175,2025-05-27,06:51:54,15:51:54,85
E175,2025-05-16,13:20:10,20:20:10,67
E176,2025-05-25,04:39:25,11:39:25,98
E176,2025-05-14,09:35:03,15:35:03,53
E176,2025-05-30,16:04:34,23:04:34,138
E176,2025-05-18,11:59:58,18:59:58,124
E176,2025-05-10,11:59:27,19:59:27,144
E176,2025-06-05,16:27:21,01:27:21,123
E176,2025-05-22,22:53:40,06:53:40,62
E176,2025-05-14,07:45:07,15:45:07,120
E176,2025-05-19,16:54:56,00:54:56,105
E176,2025-05-17,05:55:55,11:55:55,91
E177,2025-05-25,00:48:37,06:48:37,91
E177,2025-05-30,03:29:25,12:29:25,85
E177,2025-05-18,05:48:31,14:48:31,117
E177,2025-05-26,08:19:45,15:19:45,56
E177,2025-05-17,13:10:01,20:10:01,50
E177,2025-06-05,14:21:16,23:21:16,94
E177,2025-06-04,20:26:29,03:26:29,96
E177,2025-05-11,09:33:43,17:33:43,62
E177,2025-05-09,22:16:38,06:16:38,71
E178,2025-06-05,10:45:43,17:45:43,70
E178,2025-05-22,02:50:20,09:50:20,141
E178,2025-05-22,14:34:54,20:34:54,75
E178,2025-05-17,05:20:28,11:20:28,64
E178,2025-05-13,12:56:59,19:56:59,137
E178,2025-05-22,08:26:46,15:26:46,91
E178,2025-05-20,10:05:53,19:05:53,73
E178,2025-05-21,08:08:35,17:08:35,98
E179,2025-05-22,17:37:21,00:37:21,140
E179,2025-05-11,06:27:51,12:27:51,117
E179,2025-05-17,21:57:04,04:57:04,73
E179,2025-06-02,15:45:00,23:45:00,149
E179,2025-05-31,05:43:10,14:43:10,88
E179,2025-05-30,07:14:01,14:14:01,138
E179,2025-05-24,00:13:53,07:13:53,68
E179,2025-06-03,02:25:42,11:25:42,123
E179,2025-06-04,11:30:16,17:30:16,104
E180,2025-05-25,09:23:46,16:23:46,118
E180,2025-05-16,23:48:58,07:48:58,98
E180,2025-05-24,18:55:20,02:55:20,147
E180,2025-05-27,04:38:02,10:38:02,70
E180,2025-06-04,17:44:22,23:44:22,71
E180,2025-05-19,17:37:38,02:37:38,86
E180,2025-06-05,16:00:49,00:00:49,84
E180,2025-05-17,19:06:19,04:06:19,120
E181,2025-05-18,13:50:53,22:50:53,60
E181,2025-05-11,00:46:54,07:46:54,122
E181,2025-05-24,06:00:31,13:00:31,126
E181,2025-05-30,23:25:58,05:25:58,106
E181,2025-05-21,10:04:21,17:04:21,74
E181,2025-05-24,14:37:26,21:37:26,113
E182,2025-05-31,20:03:27,04:03:27,56
E182,2025-05-16,14:06:53,20:06:53,67
E182,2025-05-17,19:13:06,03:13:06,91
E182,2025-05-15,03:43:48,10:43:48,88
E182,2025-06-05,10:02:53,16:02:53,124
E182,2025-05-31,05:01:19,13:01:19,73
E182,2025-05-31,06:46:55,15:46:55,95
E182,2025-05-16,14:14:41,22:14:41,117
E182,2025-05-19,00:43:50,07:43:50,91
E182,2025-05-29,06:39:28,15:39:28,88
E183,2025-05-26,19:30:56,01:30:56,85
E183,2025-05-31,18:43:09,03:43:09,146
E183,2025-05-15,23:23:45,08:23:45,52
E183,2025-05-10,06:37:48,12:37:48,57
E183,2025-05-13,20:34:18,02:34:18,119
E183,2025-05-08,10:34:01,16:34:01,117
E183,2025-06-05,09:15:24,15:15:24,98
E183,2025-05-18,15:39:16,00:39:16,51
E184,2025-05-25,21:07:42,06:07:42,54
E184,2025-05-24,19:42:11,04:42:11,76
E184,2025-05-16,09:48:51,18:48:51,70
E184,2025-05-19,01:17:30,10:17:30,121
E184,2025-05-25,00:51:14,07:51:14,116
E184,2025-05-29,11:44:27,18:44:27,93
E184,2025-05-24,23:43:07,05:43:07,107
E184,2025-06-04,06:41:04,14:41:04,135
E185,2025-06-04,20:18:46,03:18:46,51
E185,2025-06-05,06:30:38,14:30:38,93
E185,2025-05-28,11:28:00,18:28:00,130
E185,2025-05-09,06:40:55,14:40:55,147
E185,2025-05-11,18:30:57,02:30:57,79
E185,2025-05-25,21:08:29,06:08:29,57
E185,2025-05-18,10:28:26,17:28:26,93
E186,2025-05-12,06:45:31,13:45:31,85
E186,2025-05-29,12:00:16,18:00:16,126
E186,2025-05-31,16:47:07,22:47:07,80
E186,2025-05-17,08:04:55,16:04:55,104
E186,2025-05-11,19:24:41,04:24:41,111
E186,2025-05-18,05:22:57,12:22:57,104
E187,2025-05-09,08:38:08,17:38:08,61
E187,2025-05-20,20:33:22,02:33:22,65
E187,2025-05-31,07:42:32,16:42:32,57
E187,2025-05-15,19:00:19,04:00:19,52
E187,2025-05-24,21:34:43,06:34:43,79
E187,2025-06-01,13:19:58,19:19:58,72
E187,2025-05-31,01:40:14,10:40:14,54
E187,2025-06-02,00:15:14,09:15:14,114
E187,2025-06-03,17:23:07,23:23:07,79
E187,2025-05-16,20:22:16,02:22:16,133
E188,2025-05-12,23:52:24,06:52:24,71
E188,2025-06-01,14:08:05,21:08:05,121
E188,2025-06-05,02:06:23,10:06:23,81
E188,2025-05-25,02:00:01,08:00:01,65
E188,2025-06-02,17:14:37,02:14:37,87
E188,2025-05-09,22:36:17,07:36:17,147
E188,2025-05-14,01:30:23,07:30:23,63
E189,2025-06-02,21:35:01,06:35:01,146
E189,2025-06-03,18:24:24,02:24:24,115
E189,2025-06-03,23:40:51,05:40:51,134
E189,2025-05-25,21:37:30,04:37:30,140
E189,2025-05-31,06:19:43,12:19:43,122
E189,2025-05-13,03:04:11,09:04:11,124
E189,2025-05-26,23:37:20,07:37:20,101
E189,2025-05-26,12:56:25,19:56:25,72
E189,2025-05-29,12:13:38,19:13:38,117
E190,2025-05-31,13:31:01,20:31:01,104
E190,2025-05-19,12:26:59,19:26:59,84
E190,2025-05-28,03:13:12,10:13:12,92
E190,2025-06-01,05:54:04,13:54:04,135
E190,2025-05-28,14:14:00,23:14:00,61
E190,2025-05-08,09:42:14,17:42:14,98
E190,2025-05-12,01:58:39,08:58:39,87
E190,2025-05-30,06:49:32,13:49:32,94
E191,2025-05-07,22:59:25,06:59:25,79
E191,2025-05-18,17:15:02,02:15:02,79
E191,2025-05-28,21:03:00,04:03:00,55
E191,2025-05-21,14:42:17,22:42:17,129
E191,2025-05-13,23:56:32,07:56:32,101
E191,2025-06-01,05:02:06,12:02:06,122
E191,2025-05-08,02:35:51,10:35:51,70
E191,2025-05-10,04:03:06,12:03:06,115
E191,2025-05-21,03:44:55,11:44:55,51
E191,2025-05-13,07:44:41,15:44:41,131
E192,2025-06-02,01:00:24,08:00:24,69
E192,2025-05-08,13:08:16,20:08:16,59
E192,2025-05-27,23:17:30,05:17:30,115
E192,2025-05-29,21:33:44,03:33:44,103
E192,2025-05-14,15:56:20,21:56:20,85
E192,2025-05-18,05:30:07,13:30:07,63
E193,2025-05-27,06:24:07,12:24:07,129
E193,2025-05-30,15:03:32,22:03:32,101
E193,2025-06-04,18:57:49,02:57:49,148
E193,2025-05-15,09:56:35,15:56:35,55
E193,2025-05-19,14:13:37,20:13:37,62
E193,2025-05-09,01:33:48,07:33:48,147
E193,2025-06-05,18:07:16,03:07:16,70
E194,2025-05-30,01:25:16,08:25:16,117
E194,2025-06-02,12:05:04,18:05:04,128
E194,2025-05-22,10:29:36,19:29:36,94
E194,2025-05-20,16:53:28,01:53:28,61
E194,2025-06-05,17:30:13,02:30:13,145
E194,2025-05-13,15:36:19,00:36:19,62
E194,2025-05-24,16:15:32,00:15:32,127
E194,2025-05-09,10:51:36,19:51:36,67
E195,2025-05-12,18:04:58,00:04:58,109
E195,2025-05-10,15:07:30,23:07:30,55
E195,2025-06-02,01:20:49,10:20:49,142
E195,2025-05-19,16:18:41,00:18:41,51
E195,2025-05-09,23:12:51,08:12:51,72
E196,2025-06-02,08:50:43,16:50:43,80
E196,2025-05-25,21:59:58,05:59:58,54
E196,2025-05-21,03:18:58,11:18:58,83
E196,2025-06-05,01:18:42,08:18:42,138
E196,2025-05-25,01:29:51,08:29:51,60
E196,2025-05-31,10:42:24,17:42:24,80
E196,2025-05-11,00:43:47,09:43:47,128
E196,2025-05-09,16:21:08,22:21:08,136
E196,2025-06-05,01:00:00,09:00:00,58
E196,2025-05-10,02:28:25,10:28:25,70
E197,2025-05-31,14:56:16,20:56:16,77
E197,2025-05-24,12:19:55,19:19:55,56
E197,2025-05-28,09:09:23,18:09:23,65
E197,2025-05-09,22:13:57,07:13:57,146
E197,2025-05-31,12:20:20,21:20:20,53
E197,2025-06-04,16:20:14,00:20:14,89
E197,2025-05-09,03:25:59,09:25:59,101
E198,2025-05-28,23:30:56,05:30:56,101
E198,2025-05-22,20:36:18,05:36:18,87
E198,2025-05-30,21:32:39,05:32:39,99
E198,2025-06-02,06:21:56,14:21:56,112
E198,2025-05-19,04:45:35,11:45:35,148
E198,2025-05-14,18:17:39,02:17:39,76
E199,2025-05-08,21:18:10,06:18:10,135
E199,2025-05-13,09:27:05,16:27:05,120
E199,2025-05-22,16:25:09,22:25:09,135
E199,2025-05-13,16:30:14,22:30:14,104
E199,2025-05-20,17:17:16,00:17:16,111
E199,2025-05-20,05:04:58,13:04:58,70
E199,2025-05-14,03:16:42,10:16:42,128
E200,2025-05-30,19:32:42,01:32:42,59
E200,2025-05-20,19:24:19,03:24:19,107
E200,2025-05-13,08:14:06,17:14:06,88
E200,2025-05-17,12:44:37,18:44:37,114
E200,2025-05-16,12:53:46,18:53:46,134
E200,2025-05-10,14:59:32,21:59:32,134
E200,2025-05-24,13:24:18,19:24:18,131
